ticket_id,customer_id,product_id,opened_at,closed_at,priority,category,status,subject,conversation_summary,sentiment
TKT000001,C054,PRD019,2025-01-17 19:15:00,2025-01-23 15:39:57,P4,missing_item,resolved,Item quality below expectation,Customer provided package photos; a replacement or refund was completed and accepted.,neutral
TKT000002,C079,PRD015,2024-07-01 05:46:00,2024-07-06 00:11:45,P2,product_information,resolved,Missing item or component,Customer provided package photos; a replacement or refund was completed and accepted.,neutral
TKT000003,C016,PRD002,2025-10-08 15:20:00,2025-10-16 23:19:51,P3,product_quality,resolved,Package arrived damaged,Support confirmed product-use guidance resolved the concern and the customer closed the case.,urgent
TKT000004,C028,PRD011,2024-07-24 05:36:00,2024-08-01 09:46:25,P3,product_information,resolved,Package arrived damaged,Customer provided package photos; a replacement or refund was completed and accepted.,frustrated
TKT000005,C046,PRD008,2026-10-31 09:53:00,2026-11-07 21:14:58,P2,product_quality,resolved,Ingredient or product information request,Customer provided package photos; a replacement or refund was completed and accepted.,positive
TKT000006,C095,PRD015,2025-01-07 08:36:00,2025-01-08 20:32:17,P4,product_information,resolved,Wrong item received,Customer provided package photos; a replacement or refund was completed and accepted.,neutral
TKT000007,C005,PRD017,2026-08-18 00:45:00,2026-08-25 23:59:44,P3,return_refund,resolved,Missing item or component,Customer provided package photos; a replacement or refund was completed and accepted.,neutral
TKT000008,C178,PRD020,2025-08-26 14:28:00,,P2,delivery,open,Item quality below expectation,The case remains open while store and fulfillment records are compared.,neutral
TKT000009,C090,PRD004,2026-08-26 03:05:00,2026-09-04 06:50:22,P1,product_quality,resolved,Refund status question,Customer provided package photos; a replacement or refund was completed and accepted.,neutral
TKT000010,C068,PRD017,2025-06-15 23:33:00,,P2,product_quality,open,Refund status question,Support documented the issue and is checking replacement inventory in the customer region.,positive
TKT000011,C169,PRD009,2024-04-24 12:46:00,2024-04-29 04:26:48,P4,missing_item,resolved,Ingredient or product information request,The missing-item claim was verified against fulfillment records and the customer received the approved resolution.,neutral
TKT000012,C235,PRD004,2026-10-18 12:05:00,2026-10-26 13:06:01,P3,return_refund,resolved,Wrong item received,Customer provided package photos; a replacement or refund was completed and accepted.,positive
TKT000013,C168,PRD004,2026-08-11 03:50:00,2026-08-12 15:23:30,P2,product_quality,resolved,Wrong item received,The missing-item claim was verified against fulfillment records and the customer received the approved resolution.,positive
TKT000014,C005,PRD018,2024-10-31 05:05:00,2024-11-02 06:45:52,P3,delivery,resolved,Wrong item received,The missing-item claim was verified against fulfillment records and the customer received the approved resolution.,neutral
TKT000015,C222,PRD015,2024-06-02 20:44:00,2024-06-12 15:44:48,P3,product_quality,resolved,Wrong item received,The missing-item claim was verified against fulfillment records and the customer received the approved resolution.,frustrated
TKT000016,C046,PRD007,2024-08-25 17:58:00,2024-09-03 10:33:38,P3,product_information,resolved,Refund status question,Customer provided package photos; a replacement or refund was completed and accepted.,neutral
TKT000017,C193,PRD007,2025-05-06 12:07:00,2025-05-12 14:18:45,P4,return_refund,resolved,Ingredient or product information request,Customer provided package photos; a replacement or refund was completed and accepted.,neutral
TKT000018,C132,PRD017,2026-07-21 13:34:00,2026-07-24 04:16:23,P2,billing,resolved,Ingredient or product information request,Customer provided package photos; a replacement or refund was completed and accepted.,positive
TKT000019,C183,PRD011,2025-10-24 21:52:00,2025-10-26 19:58:46,P4,delivery,resolved,Ingredient or product information request,Customer provided package photos; a replacement or refund was completed and accepted.,neutral
TKT000020,C233,PRD005,2026-10-14 02:08:00,2026-10-23 10:26:56,P3,product_information,resolved,Item quality below expectation,The missing-item claim was verified against fulfillment records and the customer received the approved resolution.,neutral
TKT000021,C076,PRD019,2026-04-30 05:40:00,2026-05-03 15:15:29,P4,missing_item,resolved,Package arrived damaged,The missing-item claim was verified against fulfillment records and the customer received the approved resolution.,neutral
TKT000022,C050,PRD006,2025-06-15 04:46:00,2025-06-23 22:52:57,P4,product_information,resolved,Wrong item received,Support confirmed product-use guidance resolved the concern and the customer closed the case.,urgent
TKT000023,C143,PRD015,2025-07-20 15:15:00,2025-07-25 21:04:01,P3,return_refund,resolved,Refund status question,The missing-item claim was verified against fulfillment records and the customer received the approved resolution.,frustrated
TKT000024,C201,PRD003,2026-11-07 18:21:00,2026-11-15 16:50:26,P4,delivery,resolved,Missing item or component,Support confirmed product-use guidance resolved the concern and the customer closed the case.,neutral
TKT000025,C230,PRD020,2024-12-20 12:08:00,2024-12-25 11:10:19,P2,missing_item,resolved,Item quality below expectation,Support confirmed product-use guidance resolved the concern and the customer closed the case.,neutral
TKT000026,C146,PRD020,2025-01-31 02:43:00,2025-01-31 06:26:58,P4,product_quality,resolved,Missing item or component,Support confirmed product-use guidance resolved the concern and the customer closed the case.,urgent
TKT000027,C008,PRD009,2026-01-28 07:01:00,2026-01-29 08:35:04,P4,product_information,resolved,Ingredient or product information request,Customer provided package photos; a replacement or refund was completed and accepted.,neutral
TKT000028,C112,PRD003,2024-04-24 04:53:00,2024-04-29 03:19:56,P3,product_quality,resolved,Item quality below expectation,Support confirmed product-use guidance resolved the concern and the customer closed the case.,neutral
TKT000029,C011,PRD003,2025-10-19 10:04:00,2025-10-21 02:27:39,P4,missing_item,resolved,Refund status question,Customer provided package photos; a replacement or refund was completed and accepted.,neutral
TKT000030,C196,PRD015,2026-08-05 15:00:00,,P4,return_refund,escalated,Refund status question,The reported safety or allergen concern was escalated for immediate product-compliance review.,neutral
TKT000031,C054,PRD008,2025-06-30 02:33:00,,P2,missing_item,open,Refund status question,The case remains open while store and fulfillment records are compared.,urgent
TKT000032,C080,PRD009,2026-12-11 02:38:00,2026-12-18 05:23:20,P4,missing_item,resolved,Ingredient or product information request,The missing-item claim was verified against fulfillment records and the customer received the approved resolution.,neutral
TKT000033,C183,PRD005,2026-03-26 01:59:00,2026-03-29 02:22:07,P4,product_information,resolved,Refund status question,Support confirmed product-use guidance resolved the concern and the customer closed the case.,neutral
TKT000034,C147,PRD003,2025-05-18 22:01:00,2025-05-27 18:05:26,P4,delivery,resolved,Wrong item received,Support confirmed product-use guidance resolved the concern and the customer closed the case.,neutral
TKT000035,C005,PRD018,2026-04-19 22:36:00,2026-04-23 11:14:10,P3,billing,resolved,Wrong item received,The missing-item claim was verified against fulfillment records and the customer received the approved resolution.,neutral
TKT000036,C128,PRD017,2026-01-02 11:08:00,2026-01-07 15:17:49,P3,billing,resolved,Item quality below expectation,The missing-item claim was verified against fulfillment records and the customer received the approved resolution.,positive
TKT000037,C223,PRD008,2025-07-13 03:33:00,2025-07-17 15:32:29,P4,billing,resolved,Missing item or component,Support confirmed product-use guidance resolved the concern and the customer closed the case.,urgent
TKT000038,C106,PRD020,2026-05-13 00:04:00,2026-05-20 15:10:48,P1,product_quality,resolved,Missing item or component,Support confirmed product-use guidance resolved the concern and the customer closed the case.,positive
TKT000039,C013,PRD014,2026-01-10 08:20:00,,P3,billing,open,Wrong item received,Support documented the issue and is checking replacement inventory in the customer region.,urgent
TKT000040,C044,PRD004,2024-05-09 13:29:00,2024-05-18 04:01:09,P4,product_information,resolved,Refund status question,Support confirmed product-use guidance resolved the concern and the customer closed the case.,frustrated
TKT000041,C153,PRD019,2025-08-04 22:39:00,2025-08-13 09:30:06,P3,return_refund,resolved,Item quality below expectation,Support confirmed product-use guidance resolved the concern and the customer closed the case.,neutral
TKT000042,C037,PRD008,2024-01-22 21:17:00,2024-01-29 07:36:05,P2,missing_item,resolved,Ingredient or product information request,Customer provided package photos; a replacement or refund was completed and accepted.,neutral
TKT000043,C226,PRD019,2026-06-06 21:52:00,,P4,missing_item,escalated,Refund status question,Repeated complaints for the same lot prompted escalation to merchandising and supplier quality.,neutral
TKT000044,C149,PRD004,2025-01-10 20:38:00,2025-01-11 10:05:29,P4,product_quality,resolved,Refund status question,The missing-item claim was verified against fulfillment records and the customer received the approved resolution.,positive
TKT000045,C081,PRD017,2025-03-08 19:27:00,2025-03-14 05:22:20,P3,billing,resolved,Refund status question,Customer provided package photos; a replacement or refund was completed and accepted.,neutral
TKT000046,C143,PRD020,2026-05-09 18:03:00,,P3,billing,open,Refund status question,Support documented the issue and is checking replacement inventory in the customer region.,neutral
TKT000047,C022,PRD003,2025-12-02 01:45:00,2025-12-03 18:33:13,P4,return_refund,resolved,Refund status question,Customer provided package photos; a replacement or refund was completed and accepted.,positive
TKT000048,C006,PRD006,2025-07-04 07:38:00,2025-07-08 01:45:12,P4,return_refund,resolved,Missing item or component,Customer provided package photos; a replacement or refund was completed and accepted.,neutral
TKT000049,C059,PRD009,2026-05-08 01:10:00,2026-05-09 15:54:19,P4,billing,resolved,Package arrived damaged,Customer provided package photos; a replacement or refund was completed and accepted.,positive
TKT000050,C022,PRD006,2026-08-03 08:33:00,2026-08-13 07:39:49,P4,missing_item,resolved,Ingredient or product information request,Support confirmed product-use guidance resolved the concern and the customer closed the case.,neutral
TKT000051,C035,PRD017,2026-06-22 11:37:00,,P3,product_quality,open,Package arrived damaged,The case remains open while store and fulfillment records are compared.,positive
TKT000052,C004,PRD001,2024-10-26 14:53:00,,P3,billing,waiting_customer,Ingredient or product information request,The return is pending while the customer confirms pickup availability and item condition.,neutral
TKT000053,C164,PRD010,2025-08-16 06:22:00,2025-08-23 07:15:26,P3,missing_item,resolved,Ingredient or product information request,The missing-item claim was verified against fulfillment records and the customer received the approved resolution.,urgent
TKT000054,C194,PRD002,2026-01-06 15:28:00,2026-01-13 03:29:32,P4,return_refund,resolved,Refund status question,The missing-item claim was verified against fulfillment records and the customer received the approved resolution.,positive
TKT000055,C006,PRD015,2025-01-22 06:39:00,,P2,billing,escalated,Ingredient or product information request,The reported safety or allergen concern was escalated for immediate product-compliance review.,neutral
TKT000056,C153,PRD011,2024-04-18 02:19:00,,P3,missing_item,waiting_customer,Refund status question,Support requested package photos and the lot code before continuing the quality review.,positive
TKT000057,C075,PRD018,2024-10-29 07:03:00,,P4,product_quality,open,Item quality below expectation,The case remains open while store and fulfillment records are compared.,positive
TKT000058,C167,PRD011,2025-05-25 03:31:00,2025-05-30 23:28:54,P2,missing_item,resolved,Ingredient or product information request,Support confirmed product-use guidance resolved the concern and the customer closed the case.,neutral
TKT000059,C145,PRD005,2026-03-16 00:23:00,,P3,billing,waiting_customer,Wrong item received,Support requested package photos and the lot code before continuing the quality review.,neutral
TKT000060,C035,PRD012,2026-03-30 01:34:00,,P1,return_refund,open,Refund status question,Support documented the issue and is checking replacement inventory in the customer region.,neutral
TKT000061,C192,PRD020,2024-03-25 07:07:00,2024-03-26 18:46:14,P3,missing_item,resolved,Item quality below expectation,Support confirmed product-use guidance resolved the concern and the customer closed the case.,positive
TKT000062,C026,PRD015,2025-10-22 22:20:00,2025-10-30 02:33:25,P4,missing_item,resolved,Item quality below expectation,The missing-item claim was verified against fulfillment records and the customer received the approved resolution.,positive
TKT000063,C047,PRD013,2025-03-08 03:13:00,,P2,delivery,escalated,Package arrived damaged,Repeated complaints for the same lot prompted escalation to merchandising and supplier quality.,frustrated
TKT000064,C053,PRD016,2026-08-01 16:44:00,,P3,return_refund,open,Package arrived damaged,The case remains open while store and fulfillment records are compared.,urgent
TKT000065,C073,PRD013,2026-07-03 17:45:00,,P3,delivery,escalated,Refund status question,Repeated complaints for the same lot prompted escalation to merchandising and supplier quality.,neutral
TKT000066,C227,PRD009,2026-06-04 20:25:00,2026-06-05 01:33:50,P4,delivery,resolved,Missing item or component,The missing-item claim was verified against fulfillment records and the customer received the approved resolution.,neutral
TKT000067,C138,PRD008,2025-02-10 00:35:00,,P1,product_information,escalated,Wrong item received,Repeated complaints for the same lot prompted escalation to merchandising and supplier quality.,neutral
TKT000068,C179,PRD006,2025-04-13 10:41:00,2025-04-15 15:52:44,P2,missing_item,resolved,Item quality below expectation,Support confirmed product-use guidance resolved the concern and the customer closed the case.,neutral
TKT000069,C185,PRD013,2025-10-26 02:43:00,2025-11-03 08:35:56,P3,missing_item,resolved,Package arrived damaged,Customer provided package photos; a replacement or refund was completed and accepted.,frustrated
TKT000070,C191,PRD005,2025-05-26 17:44:00,2025-05-30 18:41:14,P4,product_quality,resolved,Item quality below expectation,Support confirmed product-use guidance resolved the concern and the customer closed the case.,neutral
TKT000071,C014,PRD018,2026-03-30 10:20:00,,P3,product_quality,escalated,Package arrived damaged,The reported safety or allergen concern was escalated for immediate product-compliance review.,neutral
TKT000072,C212,PRD009,2025-12-15 05:24:00,2025-12-22 00:04:34,P3,billing,resolved,Item quality below expectation,Customer provided package photos; a replacement or refund was completed and accepted.,neutral
TKT000073,C215,PRD012,2026-06-03 21:12:00,2026-06-06 02:26:08,P1,product_information,resolved,Refund status question,The missing-item claim was verified against fulfillment records and the customer received the approved resolution.,positive
TKT000074,C066,PRD013,2024-09-13 09:18:00,2024-09-21 08:43:55,P2,missing_item,resolved,Missing item or component,Customer provided package photos; a replacement or refund was completed and accepted.,positive
TKT000075,C167,PRD005,2025-07-24 15:25:00,,P4,delivery,open,Missing item or component,Support documented the issue and is checking replacement inventory in the customer region.,neutral
TKT000076,C178,PRD008,2024-04-28 10:06:00,2024-05-03 06:30:29,P1,product_quality,resolved,Package arrived damaged,Support confirmed product-use guidance resolved the concern and the customer closed the case.,neutral
TKT000077,C131,PRD010,2025-07-27 04:31:00,2025-08-04 22:27:05,P2,product_information,resolved,Refund status question,Customer provided package photos; a replacement or refund was completed and accepted.,frustrated
TKT000078,C083,PRD014,2025-09-26 00:43:00,2025-09-28 01:27:33,P4,product_information,resolved,Refund status question,The missing-item claim was verified against fulfillment records and the customer received the approved resolution.,frustrated
TKT000079,C203,PRD004,2024-03-15 08:46:00,,P2,missing_item,escalated,Package arrived damaged,Repeated complaints for the same lot prompted escalation to merchandising and supplier quality.,urgent
TKT000080,C143,PRD006,2024-07-13 17:32:00,2024-07-19 18:15:49,P1,billing,resolved,Missing item or component,Customer provided package photos; a replacement or refund was completed and accepted.,positive
TKT000081,C108,PRD018,2025-12-27 09:24:00,2025-12-29 09:04:55,P1,product_information,resolved,Wrong item received,The missing-item claim was verified against fulfillment records and the customer received the approved resolution.,neutral
TKT000082,C156,PRD006,2025-06-02 18:58:00,2025-06-09 12:21:06,P1,return_refund,resolved,Refund status question,Support confirmed product-use guidance resolved the concern and the customer closed the case.,neutral
TKT000083,C226,PRD014,2025-08-03 21:35:00,2025-08-10 09:09:30,P4,return_refund,resolved,Package arrived damaged,Customer provided package photos; a replacement or refund was completed and accepted.,neutral
TKT000084,C153,PRD008,2024-01-02 08:48:00,2024-01-03 06:24:50,P2,return_refund,resolved,Package arrived damaged,Customer provided package photos; a replacement or refund was completed and accepted.,urgent
TKT000085,C226,PRD001,2024-01-30 20:37:00,2024-02-05 07:47:36,P4,product_information,resolved,Package arrived damaged,Customer provided package photos; a replacement or refund was completed and accepted.,neutral
TKT000086,C175,PRD017,2025-09-10 16:18:00,2025-09-11 17:42:20,P2,missing_item,resolved,Wrong item received,The missing-item claim was verified against fulfillment records and the customer received the approved resolution.,frustrated
TKT000087,C158,PRD009,2025-10-18 19:43:00,2025-10-28 15:58:19,P3,return_refund,resolved,Wrong item received,Support confirmed product-use guidance resolved the concern and the customer closed the case.,neutral
TKT000088,C068,PRD002,2024-04-02 14:09:00,2024-04-03 14:50:45,P3,missing_item,resolved,Refund status question,The missing-item claim was verified against fulfillment records and the customer received the approved resolution.,neutral
TKT000089,C165,PRD014,2025-10-31 04:33:00,,P4,missing_item,waiting_customer,Refund status question,Support requested package photos and the lot code before continuing the quality review.,positive
TKT000090,C235,PRD020,2025-07-30 14:24:00,2025-08-04 05:32:19,P3,product_quality,resolved,Item quality below expectation,Customer provided package photos; a replacement or refund was completed and accepted.,neutral
TKT000091,C162,PRD011,2026-08-21 05:12:00,,P4,delivery,open,Package arrived damaged,The case remains open while store and fulfillment records are compared.,neutral
TKT000092,C043,PRD006,2025-09-14 18:04:00,2025-09-21 00:13:45,P3,delivery,resolved,Package arrived damaged,Customer provided package photos; a replacement or refund was completed and accepted.,neutral
TKT000093,C115,PRD001,2024-11-25 04:26:00,2024-11-28 00:08:45,P4,delivery,resolved,Refund status question,Support confirmed product-use guidance resolved the concern and the customer closed the case.,frustrated
TKT000094,C033,PRD009,2024-01-09 16:37:00,2024-01-16 08:43:18,P2,billing,resolved,Missing item or component,Customer provided package photos; a replacement or refund was completed and accepted.,neutral
TKT000095,C024,PRD015,2024-08-21 05:48:00,,P2,return_refund,escalated,Wrong item received,The reported safety or allergen concern was escalated for immediate product-compliance review.,neutral
TKT000096,C109,PRD011,2025-07-18 20:33:00,2025-07-23 15:53:48,P4,product_information,resolved,Wrong item received,Support confirmed product-use guidance resolved the concern and the customer closed the case.,frustrated
TKT000097,C049,PRD005,2024-12-26 15:12:00,2025-01-02 15:53:16,P2,delivery,resolved,Missing item or component,Customer provided package photos; a replacement or refund was completed and accepted.,positive
TKT000098,C221,PRD003,2024-03-08 21:31:00,2024-03-14 08:13:32,P3,product_information,resolved,Wrong item received,Support confirmed product-use guidance resolved the concern and the customer closed the case.,neutral
TKT000099,C107,PRD020,2025-02-26 09:25:00,,P1,billing,escalated,Ingredient or product information request,Repeated complaints for the same lot prompted escalation to merchandising and supplier quality.,frustrated
TKT000100,C079,PRD007,2026-02-09 06:53:00,,P3,missing_item,waiting_customer,Package arrived damaged,The return is pending while the customer confirms pickup availability and item condition.,frustrated
TKT000101,C208,PRD002,2026-10-20 06:10:00,2026-10-22 02:16:46,P2,product_quality,resolved,Item quality below expectation,Support confirmed product-use guidance resolved the concern and the customer closed the case.,positive
TKT000102,C045,PRD013,2025-12-28 03:32:00,,P4,return_refund,waiting_customer,Wrong item received,The return is pending while the customer confirms pickup availability and item condition.,frustrated
TKT000103,C022,PRD008,2026-01-18 06:20:00,2026-01-19 22:44:49,P1,product_quality,resolved,Package arrived damaged,Customer provided package photos; a replacement or refund was completed and accepted.,positive
TKT000104,C118,PRD019,2026-09-12 15:15:00,2026-09-15 02:57:36,P3,billing,resolved,Missing item or component,The missing-item claim was verified against fulfillment records and the customer received the approved resolution.,urgent
TKT000105,C079,PRD016,2025-06-30 18:19:00,,P4,product_quality,open,Item quality below expectation,Support documented the issue and is checking replacement inventory in the customer region.,neutral
TKT000106,C010,PRD015,2026-04-01 23:12:00,2026-04-04 05:17:53,P2,product_quality,resolved,Missing item or component,Customer provided package photos; a replacement or refund was completed and accepted.,neutral
TKT000107,C073,PRD002,2025-12-14 18:31:00,2025-12-17 11:18:41,P3,delivery,resolved,Item quality below expectation,Customer provided package photos; a replacement or refund was completed and accepted.,neutral
TKT000108,C071,PRD003,2024-07-28 02:01:00,2024-08-06 06:20:05,P2,return_refund,resolved,Package arrived damaged,Support confirmed product-use guidance resolved the concern and the customer closed the case.,neutral
TKT000109,C141,PRD016,2026-09-17 07:36:00,2026-09-24 06:59:39,P4,return_refund,resolved,Refund status question,Support confirmed product-use guidance resolved the concern and the customer closed the case.,frustrated
TKT000110,C139,PRD003,2024-06-02 19:32:00,,P4,product_quality,waiting_customer,Wrong item received,The return is pending while the customer confirms pickup availability and item condition.,frustrated
TKT000111,C175,PRD013,2024-11-24 19:01:00,,P1,billing,open,Item quality below expectation,Support documented the issue and is checking replacement inventory in the customer region.,neutral
TKT000112,C127,PRD008,2026-07-31 03:02:00,2026-07-31 13:57:22,P2,billing,resolved,Item quality below expectation,The missing-item claim was verified against fulfillment records and the customer received the approved resolution.,neutral
TKT000113,C103,PRD004,2024-03-03 00:52:00,2024-03-05 13:38:09,P1,return_refund,resolved,Ingredient or product information request,The missing-item claim was verified against fulfillment records and the customer received the approved resolution.,neutral
TKT000114,C193,PRD011,2025-06-15 07:57:00,2025-06-23 04:13:44,P3,product_quality,resolved,Refund status question,Support confirmed product-use guidance resolved the concern and the customer closed the case.,neutral
TKT000115,C188,PRD019,2024-01-01 00:06:00,2024-01-01 04:59:46,P2,product_quality,resolved,Missing item or component,Customer provided package photos; a replacement or refund was completed and accepted.,neutral
TKT000116,C178,PRD005,2026-01-17 18:48:00,2026-01-25 19:31:51,P4,product_quality,resolved,Missing item or component,Support confirmed product-use guidance resolved the concern and the customer closed the case.,positive
TKT000117,C134,PRD002,2025-09-12 03:32:00,2025-09-18 14:28:30,P3,product_quality,resolved,Wrong item received,Customer provided package photos; a replacement or refund was completed and accepted.,neutral
TKT000118,C099,PRD008,2025-11-08 02:42:00,2025-11-09 14:07:53,P3,billing,resolved,Refund status question,Customer provided package photos; a replacement or refund was completed and accepted.,neutral
TKT000119,C201,PRD006,2025-04-25 10:19:00,2025-05-04 00:28:14,P1,missing_item,resolved,Wrong item received,Support confirmed product-use guidance resolved the concern and the customer closed the case.,positive
TKT000120,C176,PRD018,2026-10-28 15:33:00,,P2,return_refund,waiting_customer,Item quality below expectation,Support requested package photos and the lot code before continuing the quality review.,positive
TKT000121,C072,PRD018,2025-08-09 03:05:00,2025-08-16 02:09:37,P3,delivery,resolved,Item quality below expectation,The missing-item claim was verified against fulfillment records and the customer received the approved resolution.,neutral
TKT000122,C078,PRD020,2026-08-19 06:13:00,2026-08-19 18:43:01,P4,product_information,resolved,Item quality below expectation,The missing-item claim was verified against fulfillment records and the customer received the approved resolution.,neutral
TKT000123,C092,PRD004,2025-02-25 18:48:00,2025-03-02 22:57:33,P1,missing_item,resolved,Missing item or component,Customer provided package photos; a replacement or refund was completed and accepted.,neutral
TKT000124,C101,PRD005,2024-02-13 23:44:00,2024-02-18 19:04:23,P2,return_refund,resolved,Item quality below expectation,The missing-item claim was verified against fulfillment records and the customer received the approved resolution.,positive
TKT000125,C152,PRD010,2024-08-21 18:20:00,2024-08-30 18:44:20,P4,product_information,resolved,Package arrived damaged,The missing-item claim was verified against fulfillment records and the customer received the approved resolution.,neutral
TKT000126,C063,PRD017,2024-05-20 14:09:00,2024-05-27 03:38:47,P3,delivery,resolved,Missing item or component,The missing-item claim was verified against fulfillment records and the customer received the approved resolution.,neutral
TKT000127,C182,PRD006,2025-03-05 18:29:00,2025-03-08 08:56:14,P3,return_refund,resolved,Refund status question,Customer provided package photos; a replacement or refund was completed and accepted.,frustrated
TKT000128,C201,PRD011,2024-03-19 11:31:00,2024-03-25 16:00:29,P4,billing,resolved,Item quality below expectation,The missing-item claim was verified against fulfillment records and the customer received the approved resolution.,positive
TKT000129,C122,PRD008,2025-05-31 10:21:00,,P4,delivery,open,Wrong item received,The case remains open while store and fulfillment records are compared.,frustrated
TKT000130,C020,PRD016,2026-01-03 08:49:00,,P2,return_refund,open,Missing item or component,Support documented the issue and is checking replacement inventory in the customer region.,neutral
TKT000131,C106,PRD003,2024-02-21 16:17:00,2024-02-25 23:15:16,P3,return_refund,resolved,Package arrived damaged,The missing-item claim was verified against fulfillment records and the customer received the approved resolution.,positive
TKT000132,C057,PRD015,2026-06-15 04:49:00,2026-06-18 02:21:25,P2,billing,resolved,Wrong item received,The missing-item claim was verified against fulfillment records and the customer received the approved resolution.,frustrated
TKT000133,C122,PRD011,2026-10-19 04:37:00,,P4,delivery,waiting_customer,Wrong item received,Support requested package photos and the lot code before continuing the quality review.,positive
TKT000134,C116,PRD007,2024-11-26 22:43:00,2024-11-27 12:18:26,P3,product_information,resolved,Refund status question,Customer provided package photos; a replacement or refund was completed and accepted.,urgent
TKT000135,C041,PRD017,2024-10-21 00:04:00,2024-10-29 02:23:32,P4,return_refund,resolved,Package arrived damaged,Support confirmed product-use guidance resolved the concern and the customer closed the case.,urgent
TKT000136,C155,PRD004,2024-07-12 22:42:00,2024-07-18 00:18:02,P2,return_refund,resolved,Missing item or component,Customer provided package photos; a replacement or refund was completed and accepted.,neutral
TKT000137,C039,PRD007,2025-03-27 00:48:00,2025-03-28 11:49:45,P4,missing_item,resolved,Wrong item received,Customer provided package photos; a replacement or refund was completed and accepted.,neutral
TKT000138,C081,PRD009,2025-02-15 11:48:00,,P1,delivery,waiting_customer,Package arrived damaged,The return is pending while the customer confirms pickup availability and item condition.,neutral
TKT000139,C204,PRD016,2024-08-05 21:20:00,2024-08-10 06:36:37,P4,return_refund,resolved,Refund status question,Support confirmed product-use guidance resolved the concern and the customer closed the case.,urgent
TKT000140,C085,PRD019,2025-01-12 01:49:00,2025-01-14 06:06:01,P2,billing,resolved,Refund status question,Customer provided package photos; a replacement or refund was completed and accepted.,neutral
TKT000141,C035,PRD018,2026-09-16 14:33:00,2026-09-23 04:28:08,P3,missing_item,resolved,Ingredient or product information request,Support confirmed product-use guidance resolved the concern and the customer closed the case.,neutral
TKT000142,C087,PRD002,2025-06-30 18:06:00,2025-07-06 01:05:27,P3,delivery,resolved,Package arrived damaged,The missing-item claim was verified against fulfillment records and the customer received the approved resolution.,neutral
TKT000143,C179,PRD003,2026-07-07 10:39:00,,P2,return_refund,waiting_customer,Missing item or component,Support requested package photos and the lot code before continuing the quality review.,positive
TKT000144,C093,PRD010,2024-05-12 09:00:00,2024-05-17 22:32:57,P2,return_refund,resolved,Item quality below expectation,The missing-item claim was verified against fulfillment records and the customer received the approved resolution.,urgent
TKT000145,C042,PRD004,2024-06-30 10:01:00,,P3,missing_item,waiting_customer,Item quality below expectation,The return is pending while the customer confirms pickup availability and item condition.,neutral
TKT000146,C112,PRD012,2026-08-25 22:08:00,2026-09-04 16:15:36,P1,product_information,resolved,Item quality below expectation,The missing-item claim was verified against fulfillment records and the customer received the approved resolution.,neutral
TKT000147,C194,PRD017,2026-05-23 05:57:00,,P3,delivery,escalated,Wrong item received,Repeated complaints for the same lot prompted escalation to merchandising and supplier quality.,neutral
TKT000148,C179,PRD015,2024-02-13 15:54:00,,P4,product_information,waiting_customer,Wrong item received,The return is pending while the customer confirms pickup availability and item condition.,frustrated
TKT000149,C174,PRD009,2026-11-01 19:07:00,2026-11-05 11:32:25,P2,missing_item,resolved,Package arrived damaged,Support confirmed product-use guidance resolved the concern and the customer closed the case.,urgent
TKT000150,C204,PRD012,2024-07-15 14:09:00,,P4,billing,escalated,Package arrived damaged,Repeated complaints for the same lot prompted escalation to merchandising and supplier quality.,neutral
TKT000151,C055,PRD003,2025-11-03 03:56:00,2025-11-09 05:00:57,P2,product_quality,resolved,Missing item or component,Support confirmed product-use guidance resolved the concern and the customer closed the case.,neutral
TKT000152,C089,PRD019,2026-02-05 03:26:00,,P1,product_quality,escalated,Missing item or component,Repeated complaints for the same lot prompted escalation to merchandising and supplier quality.,neutral
TKT000153,C120,PRD019,2026-09-15 20:46:00,,P4,missing_item,escalated,Ingredient or product information request,The reported safety or allergen concern was escalated for immediate product-compliance review.,neutral
TKT000154,C202,PRD019,2024-10-10 13:29:00,2024-10-13 15:35:19,P3,return_refund,resolved,Missing item or component,The missing-item claim was verified against fulfillment records and the customer received the approved resolution.,urgent
TKT000155,C219,PRD001,2026-04-25 23:35:00,2026-04-26 12:28:36,P3,return_refund,resolved,Missing item or component,Customer provided package photos; a replacement or refund was completed and accepted.,frustrated
TKT000156,C095,PRD006,2025-03-01 05:58:00,2025-03-03 17:20:26,P4,billing,resolved,Missing item or component,The missing-item claim was verified against fulfillment records and the customer received the approved resolution.,neutral
TKT000157,C156,PRD007,2025-12-25 19:40:00,2025-12-28 15:15:45,P3,product_information,resolved,Missing item or component,The missing-item claim was verified against fulfillment records and the customer received the approved resolution.,frustrated
TKT000158,C094,PRD020,2025-10-24 03:30:00,2025-10-29 01:36:26,P2,return_refund,resolved,Ingredient or product information request,Support confirmed product-use guidance resolved the concern and the customer closed the case.,neutral
TKT000159,C188,PRD014,2026-05-02 03:46:00,2026-05-11 04:48:59,P2,product_quality,resolved,Missing item or component,The missing-item claim was verified against fulfillment records and the customer received the approved resolution.,neutral
TKT000160,C178,PRD014,2026-07-28 07:47:00,2026-07-29 12:22:09,P3,product_quality,resolved,Item quality below expectation,Customer provided package photos; a replacement or refund was completed and accepted.,positive
TKT000161,C187,PRD003,2026-07-19 15:37:00,2026-07-23 12:33:18,P3,product_information,resolved,Wrong item received,Support confirmed product-use guidance resolved the concern and the customer closed the case.,positive
TKT000162,C026,PRD012,2025-01-24 05:10:00,2025-01-28 14:42:53,P3,billing,resolved,Refund status question,Support confirmed product-use guidance resolved the concern and the customer closed the case.,positive
TKT000163,C120,PRD014,2026-10-13 23:28:00,2026-10-19 05:03:26,P2,product_information,resolved,Item quality below expectation,The missing-item claim was verified against fulfillment records and the customer received the approved resolution.,neutral
TKT000164,C138,PRD001,2026-01-23 22:44:00,2026-01-30 07:59:52,P2,product_quality,resolved,Item quality below expectation,The missing-item claim was verified against fulfillment records and the customer received the approved resolution.,positive
TKT000165,C099,PRD006,2025-07-26 16:11:00,2025-08-03 09:27:41,P1,billing,resolved,Missing item or component,Customer provided package photos; a replacement or refund was completed and accepted.,neutral
TKT000166,C112,PRD003,2025-03-28 20:42:00,2025-03-29 02:46:44,P3,missing_item,resolved,Missing item or component,The missing-item claim was verified against fulfillment records and the customer received the approved resolution.,neutral
TKT000167,C145,PRD007,2025-05-15 11:43:00,2025-05-19 07:58:06,P2,billing,resolved,Ingredient or product information request,Customer provided package photos; a replacement or refund was completed and accepted.,positive
TKT000168,C185,PRD009,2026-02-13 16:07:00,2026-02-16 20:32:56,P2,product_quality,resolved,Item quality below expectation,Support confirmed product-use guidance resolved the concern and the customer closed the case.,frustrated
TKT000169,C180,PRD019,2025-02-07 13:23:00,2025-02-11 08:14:01,P2,missing_item,resolved,Wrong item received,Customer provided package photos; a replacement or refund was completed and accepted.,neutral
TKT000170,C104,PRD019,2025-12-26 17:30:00,2025-12-27 04:24:31,P4,product_information,resolved,Missing item or component,Customer provided package photos; a replacement or refund was completed and accepted.,positive
TKT000171,C032,PRD001,2024-09-26 14:24:00,2024-09-30 15:36:59,P3,return_refund,resolved,Ingredient or product information request,Customer provided package photos; a replacement or refund was completed and accepted.,neutral
TKT000172,C051,PRD018,2024-09-23 02:15:00,2024-09-23 04:05:34,P3,missing_item,resolved,Package arrived damaged,Support confirmed product-use guidance resolved the concern and the customer closed the case.,frustrated
TKT000173,C233,PRD006,2024-09-24 11:59:00,2024-10-02 09:50:28,P2,delivery,resolved,Refund status question,Support confirmed product-use guidance resolved the concern and the customer closed the case.,neutral
TKT000174,C075,PRD009,2025-02-03 21:48:00,2025-02-08 04:32:01,P1,product_quality,resolved,Missing item or component,Support confirmed product-use guidance resolved the concern and the customer closed the case.,neutral
TKT000175,C103,PRD004,2025-06-18 09:24:00,2025-06-21 02:20:14,P3,billing,resolved,Ingredient or product information request,Support confirmed product-use guidance resolved the concern and the customer closed the case.,positive
TKT000176,C043,PRD008,2025-10-23 00:28:00,,P4,billing,open,Ingredient or product information request,The case remains open while store and fulfillment records are compared.,positive
TKT000177,C039,PRD009,2026-10-29 14:31:00,2026-11-05 08:41:32,P2,delivery,resolved,Missing item or component,Support confirmed product-use guidance resolved the concern and the customer closed the case.,neutral
TKT000178,C114,PRD015,2026-09-04 14:15:00,2026-09-14 11:34:51,P3,billing,resolved,Wrong item received,Customer provided package photos; a replacement or refund was completed and accepted.,neutral
TKT000179,C162,PRD002,2025-10-10 11:00:00,2025-10-19 14:55:05,P3,product_quality,resolved,Package arrived damaged,Support confirmed product-use guidance resolved the concern and the customer closed the case.,neutral
TKT000180,C002,PRD019,2026-07-10 21:55:00,2026-07-15 05:25:17,P4,product_information,resolved,Wrong item received,Customer provided package photos; a replacement or refund was completed and accepted.,positive
TKT000181,C145,PRD007,2026-08-22 01:13:00,2026-08-22 23:15:56,P3,billing,resolved,Refund status question,Customer provided package photos; a replacement or refund was completed and accepted.,neutral
TKT000182,C197,PRD013,2024-02-06 17:09:00,2024-02-07 09:33:43,P3,product_quality,resolved,Item quality below expectation,Support confirmed product-use guidance resolved the concern and the customer closed the case.,neutral
TKT000183,C217,PRD019,2026-03-08 13:48:00,2026-03-12 20:48:54,P3,product_information,resolved,Ingredient or product information request,Support confirmed product-use guidance resolved the concern and the customer closed the case.,positive
TKT000184,C174,PRD013,2024-01-10 08:04:00,2024-01-18 14:43:16,P4,delivery,resolved,Missing item or component,Customer provided package photos; a replacement or refund was completed and accepted.,frustrated
TKT000185,C218,PRD005,2026-09-16 16:47:00,2026-09-22 09:46:45,P3,return_refund,resolved,Wrong item received,The missing-item claim was verified against fulfillment records and the customer received the approved resolution.,positive
TKT000186,C193,PRD012,2026-07-17 00:04:00,2026-07-17 15:25:03,P3,product_information,resolved,Refund status question,The missing-item claim was verified against fulfillment records and the customer received the approved resolution.,neutral
TKT000187,C203,PRD009,2024-10-01 09:18:00,2024-10-04 22:39:17,P4,product_quality,resolved,Missing item or component,The missing-item claim was verified against fulfillment records and the customer received the approved resolution.,frustrated
TKT000188,C138,PRD002,2026-09-27 05:50:00,,P3,delivery,escalated,Item quality below expectation,Repeated complaints for the same lot prompted escalation to merchandising and supplier quality.,neutral
TKT000189,C185,PRD013,2024-05-21 13:07:00,,P4,delivery,waiting_customer,Package arrived damaged,Support requested package photos and the lot code before continuing the quality review.,neutral
TKT000190,C077,PRD009,2025-05-12 21:26:00,,P3,product_quality,waiting_customer,Item quality below expectation,Support requested package photos and the lot code before continuing the quality review.,neutral
TKT000191,C146,PRD015,2024-08-05 02:55:00,2024-08-14 17:17:24,P3,return_refund,resolved,Package arrived damaged,The missing-item claim was verified against fulfillment records and the customer received the approved resolution.,neutral
TKT000192,C180,PRD002,2024-04-08 20:37:00,2024-04-12 03:21:47,P3,missing_item,resolved,Refund status question,The missing-item claim was verified against fulfillment records and the customer received the approved resolution.,neutral
TKT000193,C186,PRD014,2025-06-30 20:21:00,2025-07-06 00:20:45,P3,billing,resolved,Missing item or component,Support confirmed product-use guidance resolved the concern and the customer closed the case.,neutral
TKT000194,C235,PRD005,2026-02-19 23:21:00,2026-02-23 01:37:58,P1,billing,resolved,Refund status question,The missing-item claim was verified against fulfillment records and the customer received the approved resolution.,neutral
TKT000195,C068,PRD007,2024-05-07 03:44:00,2024-05-07 13:11:38,P3,delivery,resolved,Wrong item received,Customer provided package photos; a replacement or refund was completed and accepted.,neutral
TKT000196,C182,PRD005,2026-11-25 05:27:00,2026-12-02 11:24:04,P3,missing_item,resolved,Refund status question,Support confirmed product-use guidance resolved the concern and the customer closed the case.,neutral
TKT000197,C096,PRD020,2025-01-10 03:20:00,,P3,billing,open,Refund status question,Support documented the issue and is checking replacement inventory in the customer region.,neutral
TKT000198,C081,PRD006,2024-01-28 18:28:00,2024-01-29 20:13:42,P1,delivery,resolved,Package arrived damaged,Customer provided package photos; a replacement or refund was completed and accepted.,neutral
TKT000199,C047,PRD008,2026-04-15 00:43:00,2026-04-22 06:51:19,P3,delivery,resolved,Ingredient or product information request,Support confirmed product-use guidance resolved the concern and the customer closed the case.,frustrated
TKT000200,C105,PRD005,2025-08-13 06:45:00,2025-08-21 20:06:34,P1,missing_item,resolved,Package arrived damaged,Support confirmed product-use guidance resolved the concern and the customer closed the case.,positive
TKT000201,C107,PRD018,2024-09-18 07:05:00,,P3,billing,open,Ingredient or product information request,The case remains open while store and fulfillment records are compared.,neutral
TKT000202,C124,PRD003,2025-07-26 15:28:00,2025-08-01 19:13:04,P3,missing_item,resolved,Refund status question,Support confirmed product-use guidance resolved the concern and the customer closed the case.,neutral
TKT000203,C038,PRD010,2025-07-23 18:49:00,2025-07-26 04:22:07,P3,product_information,resolved,Package arrived damaged,Support confirmed product-use guidance resolved the concern and the customer closed the case.,neutral
TKT000204,C017,PRD009,2025-03-26 10:41:00,2025-04-02 04:02:51,P3,product_quality,resolved,Refund status question,Support confirmed product-use guidance resolved the concern and the customer closed the case.,neutral
TKT000205,C212,PRD016,2025-11-07 12:08:00,2025-11-13 09:45:27,P4,product_information,resolved,Item quality below expectation,The missing-item claim was verified against fulfillment records and the customer received the approved resolution.,neutral
TKT000206,C028,PRD012,2026-04-04 11:27:00,,P2,product_information,escalated,Missing item or component,The reported safety or allergen concern was escalated for immediate product-compliance review.,positive
TKT000207,C127,PRD002,2025-07-07 02:52:00,2025-07-12 07:04:08,P2,billing,resolved,Missing item or component,The missing-item claim was verified against fulfillment records and the customer received the approved resolution.,neutral
TKT000208,C207,PRD018,2025-06-11 18:18:00,2025-06-18 04:26:17,P1,missing_item,resolved,Item quality below expectation,Customer provided package photos; a replacement or refund was completed and accepted.,neutral
TKT000209,C059,PRD007,2026-07-06 21:09:00,2026-07-06 23:42:41,P3,return_refund,resolved,Refund status question,The missing-item claim was verified against fulfillment records and the customer received the approved resolution.,urgent
TKT000210,C172,PRD003,2025-03-30 11:36:00,2025-04-07 12:56:11,P4,product_quality,resolved,Refund status question,Support confirmed product-use guidance resolved the concern and the customer closed the case.,neutral
TKT000211,C011,PRD006,2025-08-26 10:56:00,2025-09-02 11:39:18,P3,missing_item,resolved,Package arrived damaged,Customer provided package photos; a replacement or refund was completed and accepted.,neutral
TKT000212,C132,PRD001,2024-07-29 21:27:00,2024-08-06 05:39:04,P4,product_quality,resolved,Refund status question,Support confirmed product-use guidance resolved the concern and the customer closed the case.,neutral
TKT000213,C053,PRD020,2025-04-14 08:16:00,2025-04-16 13:59:38,P2,return_refund,resolved,Wrong item received,Support confirmed product-use guidance resolved the concern and the customer closed the case.,neutral
TKT000214,C233,PRD008,2026-09-20 19:08:00,2026-09-24 08:24:20,P4,billing,resolved,Package arrived damaged,The missing-item claim was verified against fulfillment records and the customer received the approved resolution.,neutral
TKT000215,C140,PRD004,2024-04-10 04:27:00,2024-04-13 16:05:28,P4,product_quality,resolved,Missing item or component,Support confirmed product-use guidance resolved the concern and the customer closed the case.,positive
TKT000216,C041,PRD007,2026-02-24 12:37:00,2026-02-27 00:33:14,P4,product_information,resolved,Item quality below expectation,The missing-item claim was verified against fulfillment records and the customer received the approved resolution.,positive
TKT000217,C026,PRD017,2025-04-03 20:33:00,2025-04-10 05:53:48,P3,product_quality,resolved,Package arrived damaged,Customer provided package photos; a replacement or refund was completed and accepted.,frustrated
TKT000218,C172,PRD001,2026-07-30 18:24:00,2026-08-05 13:55:48,P4,product_quality,resolved,Item quality below expectation,The missing-item claim was verified against fulfillment records and the customer received the approved resolution.,positive
TKT000219,C207,PRD001,2024-04-12 16:57:00,2024-04-18 11:53:46,P1,missing_item,resolved,Missing item or component,The missing-item claim was verified against fulfillment records and the customer received the approved resolution.,frustrated
TKT000220,C162,PRD005,2025-12-29 22:16:00,2026-01-03 13:26:15,P3,return_refund,resolved,Refund status question,Customer provided package photos; a replacement or refund was completed and accepted.,neutral
TKT000221,C129,PRD003,2026-11-13 23:21:00,2026-11-14 07:44:21,P3,delivery,resolved,Wrong item received,The missing-item claim was verified against fulfillment records and the customer received the approved resolution.,neutral
TKT000222,C168,PRD017,2024-06-25 09:30:00,2024-06-29 04:45:54,P2,return_refund,resolved,Missing item or component,Customer provided package photos; a replacement or refund was completed and accepted.,urgent
TKT000223,C038,PRD007,2024-10-19 22:13:00,2024-10-21 06:41:00,P3,product_information,resolved,Package arrived damaged,Customer provided package photos; a replacement or refund was completed and accepted.,positive
TKT000224,C034,PRD002,2024-03-18 03:23:00,2024-03-21 23:57:21,P3,product_quality,resolved,Refund status question,Support confirmed product-use guidance resolved the concern and the customer closed the case.,neutral
TKT000225,C225,PRD015,2026-06-09 20:06:00,2026-06-13 15:06:44,P3,missing_item,resolved,Refund status question,Customer provided package photos; a replacement or refund was completed and accepted.,neutral
TKT000226,C001,PRD020,2025-05-25 07:17:00,,P4,billing,escalated,Wrong item received,Repeated complaints for the same lot prompted escalation to merchandising and supplier quality.,neutral
TKT000227,C132,PRD004,2024-02-19 12:43:00,2024-02-29 02:23:21,P4,missing_item,resolved,Item quality below expectation,Customer provided package photos; a replacement or refund was completed and accepted.,urgent
TKT000228,C092,PRD008,2025-06-16 19:08:00,2025-06-17 01:06:51,P4,return_refund,resolved,Item quality below expectation,The missing-item claim was verified against fulfillment records and the customer received the approved resolution.,frustrated
TKT000229,C197,PRD008,2024-03-11 17:44:00,2024-03-12 22:31:39,P4,billing,resolved,Wrong item received,Support confirmed product-use guidance resolved the concern and the customer closed the case.,frustrated
TKT000230,C037,PRD015,2026-05-01 04:41:00,2026-05-09 05:32:04,P2,return_refund,resolved,Item quality below expectation,Support confirmed product-use guidance resolved the concern and the customer closed the case.,positive
TKT000231,C089,PRD008,2026-04-06 03:46:00,2026-04-09 21:51:41,P3,product_quality,resolved,Missing item or component,Support confirmed product-use guidance resolved the concern and the customer closed the case.,neutral
TKT000232,C228,PRD004,2024-02-02 12:06:00,2024-02-05 13:05:57,P4,product_information,resolved,Ingredient or product information request,Customer provided package photos; a replacement or refund was completed and accepted.,neutral
TKT000233,C029,PRD002,2026-04-06 13:45:00,,P3,product_quality,open,Missing item or component,Support documented the issue and is checking replacement inventory in the customer region.,urgent
TKT000234,C047,PRD015,2024-11-23 19:12:00,2024-11-26 16:03:07,P3,delivery,resolved,Wrong item received,Customer provided package photos; a replacement or refund was completed and accepted.,neutral
TKT000235,C210,PRD016,2025-11-23 13:17:00,2025-12-02 02:06:40,P4,return_refund,resolved,Missing item or component,Support confirmed product-use guidance resolved the concern and the customer closed the case.,neutral
TKT000236,C037,PRD007,2026-09-13 04:53:00,2026-09-15 02:47:12,P4,missing_item,resolved,Package arrived damaged,Support confirmed product-use guidance resolved the concern and the customer closed the case.,urgent
TKT000237,C165,PRD005,2024-12-30 05:30:00,2024-12-31 21:02:18,P2,return_refund,resolved,Package arrived damaged,Customer provided package photos; a replacement or refund was completed and accepted.,neutral
TKT000238,C215,PRD006,2026-02-24 14:42:00,,P1,delivery,escalated,Ingredient or product information request,Repeated complaints for the same lot prompted escalation to merchandising and supplier quality.,neutral
TKT000239,C094,PRD016,2024-11-24 00:43:00,2024-11-28 19:38:09,P2,product_quality,resolved,Package arrived damaged,Customer provided package photos; a replacement or refund was completed and accepted.,neutral
TKT000240,C136,PRD013,2025-08-25 20:49:00,2025-08-29 02:48:09,P2,billing,resolved,Refund status question,The missing-item claim was verified against fulfillment records and the customer received the approved resolution.,neutral
TKT000241,C180,PRD017,2025-03-16 07:08:00,2025-03-26 01:46:39,P4,return_refund,resolved,Item quality below expectation,Support confirmed product-use guidance resolved the concern and the customer closed the case.,neutral
TKT000242,C066,PRD001,2026-12-28 19:23:00,2027-01-02 21:52:17,P4,delivery,resolved,Ingredient or product information request,Customer provided package photos; a replacement or refund was completed and accepted.,neutral
TKT000243,C054,PRD010,2025-08-17 21:25:00,2025-08-19 21:08:52,P2,delivery,resolved,Missing item or component,Support confirmed product-use guidance resolved the concern and the customer closed the case.,neutral
TKT000244,C220,PRD009,2025-08-26 08:21:00,2025-09-04 15:05:03,P4,missing_item,resolved,Refund status question,The missing-item claim was verified against fulfillment records and the customer received the approved resolution.,frustrated
TKT000245,C170,PRD011,2025-01-01 19:23:00,2025-01-05 00:13:03,P2,billing,resolved,Ingredient or product information request,Customer provided package photos; a replacement or refund was completed and accepted.,neutral
TKT000246,C112,PRD010,2025-09-09 13:57:00,2025-09-14 01:27:03,P4,billing,resolved,Item quality below expectation,Support confirmed product-use guidance resolved the concern and the customer closed the case.,frustrated
TKT000247,C063,PRD012,2024-11-23 12:54:00,,P1,billing,open,Ingredient or product information request,Support documented the issue and is checking replacement inventory in the customer region.,frustrated
TKT000248,C170,PRD012,2024-07-05 03:52:00,2024-07-06 08:08:34,P4,product_quality,resolved,Package arrived damaged,Support confirmed product-use guidance resolved the concern and the customer closed the case.,neutral
TKT000249,C094,PRD016,2024-05-24 12:25:00,2024-05-25 13:17:14,P1,delivery,resolved,Package arrived damaged,The missing-item claim was verified against fulfillment records and the customer received the approved resolution.,positive
TKT000250,C179,PRD015,2026-04-27 23:43:00,2026-05-06 01:53:47,P2,return_refund,resolved,Refund status question,Support confirmed product-use guidance resolved the concern and the customer closed the case.,neutral
TKT000251,C119,PRD001,2024-10-09 00:16:00,2024-10-09 19:36:02,P4,missing_item,resolved,Ingredient or product information request,Customer provided package photos; a replacement or refund was completed and accepted.,positive
TKT000252,C155,PRD016,2025-10-26 17:19:00,2025-10-29 16:21:24,P4,product_information,resolved,Refund status question,Support confirmed product-use guidance resolved the concern and the customer closed the case.,neutral
TKT000253,C099,PRD004,2025-08-08 20:31:00,2025-08-11 23:23:22,P4,product_quality,resolved,Item quality below expectation,Customer provided package photos; a replacement or refund was completed and accepted.,neutral
TKT000254,C191,PRD014,2026-08-24 23:33:00,2026-08-25 15:40:41,P4,product_quality,resolved,Missing item or component,Customer provided package photos; a replacement or refund was completed and accepted.,neutral
TKT000255,C154,PRD018,2024-12-25 20:57:00,,P4,product_information,open,Missing item or component,Support documented the issue and is checking replacement inventory in the customer region.,neutral
TKT000256,C018,PRD012,2026-06-03 00:23:00,,P4,return_refund,waiting_customer,Ingredient or product information request,Support requested package photos and the lot code before continuing the quality review.,neutral
TKT000257,C228,PRD003,2025-05-27 05:55:00,,P3,delivery,open,Ingredient or product information request,The case remains open while store and fulfillment records are compared.,neutral
TKT000258,C047,PRD018,2024-12-13 19:54:00,2024-12-22 14:27:29,P2,missing_item,resolved,Refund status question,The missing-item claim was verified against fulfillment records and the customer received the approved resolution.,frustrated
TKT000259,C038,PRD010,2025-08-18 09:54:00,,P4,return_refund,escalated,Refund status question,Repeated complaints for the same lot prompted escalation to merchandising and supplier quality.,frustrated
TKT000260,C159,PRD001,2026-06-13 19:42:00,,P1,missing_item,open,Missing item or component,Support documented the issue and is checking replacement inventory in the customer region.,urgent
TKT000261,C050,PRD011,2025-07-09 22:48:00,2025-07-12 00:10:24,P2,product_information,resolved,Missing item or component,Customer provided package photos; a replacement or refund was completed and accepted.,neutral
TKT000262,C187,PRD017,2025-11-07 07:30:00,,P3,delivery,escalated,Package arrived damaged,Repeated complaints for the same lot prompted escalation to merchandising and supplier quality.,frustrated
TKT000263,C109,PRD009,2026-12-07 23:08:00,2026-12-12 14:37:28,P4,missing_item,resolved,Package arrived damaged,Customer provided package photos; a replacement or refund was completed and accepted.,neutral
TKT000264,C231,PRD017,2026-05-23 19:59:00,2026-05-27 12:08:02,P3,billing,resolved,Item quality below expectation,Support confirmed product-use guidance resolved the concern and the customer closed the case.,neutral
TKT000265,C158,PRD011,2026-04-14 04:52:00,,P3,product_information,waiting_customer,Missing item or component,The return is pending while the customer confirms pickup availability and item condition.,neutral
TKT000266,C032,PRD003,2024-08-15 12:32:00,2024-08-24 01:09:26,P3,missing_item,resolved,Package arrived damaged,Customer provided package photos; a replacement or refund was completed and accepted.,positive
TKT000267,C118,PRD010,2024-10-30 10:28:00,2024-10-31 07:14:23,P2,product_quality,resolved,Ingredient or product information request,The missing-item claim was verified against fulfillment records and the customer received the approved resolution.,neutral
TKT000268,C139,PRD007,2024-08-09 15:11:00,,P3,product_quality,open,Ingredient or product information request,The case remains open while store and fulfillment records are compared.,neutral
TKT000269,C064,PRD019,2025-11-07 10:15:00,2025-11-08 03:32:27,P4,product_quality,resolved,Missing item or component,The missing-item claim was verified against fulfillment records and the customer received the approved resolution.,positive
TKT000270,C113,PRD012,2025-09-24 07:18:00,2025-09-27 22:56:48,P4,billing,resolved,Wrong item received,Customer provided package photos; a replacement or refund was completed and accepted.,positive
TKT000271,C065,PRD016,2025-05-20 22:15:00,2025-05-27 06:55:19,P2,return_refund,resolved,Refund status question,The missing-item claim was verified against fulfillment records and the customer received the approved resolution.,frustrated
TKT000272,C095,PRD006,2025-11-09 00:28:00,2025-11-12 01:19:26,P3,product_information,resolved,Missing item or component,Customer provided package photos; a replacement or refund was completed and accepted.,neutral
TKT000273,C154,PRD008,2024-12-21 06:47:00,,P2,product_information,escalated,Ingredient or product information request,Repeated complaints for the same lot prompted escalation to merchandising and supplier quality.,frustrated
TKT000274,C217,PRD020,2026-04-21 16:23:00,2026-04-30 07:29:39,P3,return_refund,resolved,Item quality below expectation,The missing-item claim was verified against fulfillment records and the customer received the approved resolution.,neutral
TKT000275,C199,PRD011,2025-03-10 12:17:00,,P2,billing,open,Missing item or component,Support documented the issue and is checking replacement inventory in the customer region.,frustrated
TKT000276,C173,PRD006,2026-05-02 13:17:00,,P2,product_quality,open,Missing item or component,Support documented the issue and is checking replacement inventory in the customer region.,positive
TKT000277,C043,PRD006,2024-02-24 03:08:00,,P4,missing_item,escalated,Wrong item received,The reported safety or allergen concern was escalated for immediate product-compliance review.,neutral
TKT000278,C190,PRD003,2025-05-06 07:15:00,2025-05-06 08:31:14,P2,product_information,resolved,Wrong item received,Customer provided package photos; a replacement or refund was completed and accepted.,neutral
TKT000279,C087,PRD020,2024-10-30 10:01:00,2024-11-09 05:30:28,P4,return_refund,resolved,Ingredient or product information request,The missing-item claim was verified against fulfillment records and the customer received the approved resolution.,neutral
TKT000280,C091,PRD010,2025-12-05 18:22:00,,P2,product_quality,waiting_customer,Ingredient or product information request,The return is pending while the customer confirms pickup availability and item condition.,frustrated
TKT000281,C161,PRD010,2024-09-06 04:30:00,2024-09-10 01:13:17,P2,return_refund,resolved,Ingredient or product information request,Support confirmed product-use guidance resolved the concern and the customer closed the case.,frustrated
TKT000282,C097,PRD013,2025-03-13 10:46:00,2025-03-21 15:27:10,P3,return_refund,resolved,Ingredient or product information request,Customer provided package photos; a replacement or refund was completed and accepted.,neutral
TKT000283,C018,PRD002,2024-04-17 20:15:00,2024-04-22 03:37:26,P4,missing_item,resolved,Package arrived damaged,Support confirmed product-use guidance resolved the concern and the customer closed the case.,neutral
TKT000284,C158,PRD002,2024-11-08 07:14:00,2024-11-11 13:54:00,P3,return_refund,resolved,Ingredient or product information request,Customer provided package photos; a replacement or refund was completed and accepted.,neutral
TKT000285,C229,PRD015,2024-06-04 23:11:00,2024-06-12 22:56:58,P3,return_refund,resolved,Item quality below expectation,The missing-item claim was verified against fulfillment records and the customer received the approved resolution.,neutral
TKT000286,C133,PRD019,2024-07-08 10:26:00,,P4,return_refund,waiting_customer,Ingredient or product information request,The return is pending while the customer confirms pickup availability and item condition.,neutral
TKT000287,C149,PRD001,2024-09-29 12:51:00,2024-10-09 09:19:53,P4,product_information,resolved,Package arrived damaged,The missing-item claim was verified against fulfillment records and the customer received the approved resolution.,positive
TKT000288,C015,PRD004,2024-05-25 20:13:00,2024-06-01 16:58:29,P2,return_refund,resolved,Missing item or component,Support confirmed product-use guidance resolved the concern and the customer closed the case.,frustrated
TKT000289,C077,PRD015,2026-12-31 15:56:00,,P3,missing_item,open,Ingredient or product information request,Support documented the issue and is checking replacement inventory in the customer region.,neutral
TKT000290,C237,PRD011,2024-01-03 05:32:00,2024-01-04 01:10:28,P3,billing,resolved,Package arrived damaged,Support confirmed product-use guidance resolved the concern and the customer closed the case.,frustrated
TKT000291,C195,PRD017,2026-12-05 21:56:00,,P3,product_quality,open,Missing item or component,Support documented the issue and is checking replacement inventory in the customer region.,neutral
TKT000292,C169,PRD006,2026-02-26 12:40:00,2026-03-07 13:23:05,P4,missing_item,resolved,Ingredient or product information request,The missing-item claim was verified against fulfillment records and the customer received the approved resolution.,positive
TKT000293,C210,PRD007,2024-11-17 10:52:00,,P3,product_information,open,Ingredient or product information request,The case remains open while store and fulfillment records are compared.,frustrated
TKT000294,C153,PRD020,2024-04-26 04:15:00,2024-05-04 08:30:07,P3,delivery,resolved,Refund status question,The missing-item claim was verified against fulfillment records and the customer received the approved resolution.,neutral
TKT000295,C022,PRD016,2026-09-27 11:55:00,2026-10-02 11:17:20,P4,missing_item,resolved,Refund status question,Support confirmed product-use guidance resolved the concern and the customer closed the case.,neutral
TKT000296,C132,PRD009,2024-07-07 20:03:00,2024-07-08 22:14:04,P2,billing,resolved,Ingredient or product information request,The missing-item claim was verified against fulfillment records and the customer received the approved resolution.,frustrated
TKT000297,C060,PRD009,2024-03-28 13:14:00,2024-03-28 19:40:35,P4,product_quality,resolved,Ingredient or product information request,Customer provided package photos; a replacement or refund was completed and accepted.,frustrated
TKT000298,C058,PRD005,2025-08-01 03:21:00,,P3,missing_item,open,Item quality below expectation,Support documented the issue and is checking replacement inventory in the customer region.,neutral
TKT000299,C052,PRD001,2026-10-24 21:51:00,,P3,missing_item,open,Item quality below expectation,Support documented the issue and is checking replacement inventory in the customer region.,neutral
TKT000300,C030,PRD005,2024-06-01 14:25:00,2024-06-06 11:28:22,P3,product_information,resolved,Refund status question,Support confirmed product-use guidance resolved the concern and the customer closed the case.,urgent
TKT000301,C054,PRD005,2024-01-16 00:02:00,2024-01-23 12:48:38,P3,missing_item,resolved,Wrong item received,Customer provided package photos; a replacement or refund was completed and accepted.,neutral
TKT000302,C031,PRD017,2025-03-21 09:01:00,,P2,missing_item,open,Wrong item received,Support documented the issue and is checking replacement inventory in the customer region.,neutral
TKT000303,C197,PRD005,2026-01-04 15:14:00,2026-01-12 05:31:00,P4,product_quality,resolved,Wrong item received,Customer provided package photos; a replacement or refund was completed and accepted.,positive
TKT000304,C131,PRD017,2024-07-08 07:56:00,,P3,product_information,escalated,Item quality below expectation,The reported safety or allergen concern was escalated for immediate product-compliance review.,urgent
TKT000305,C223,PRD020,2026-01-03 17:40:00,2026-01-05 23:21:01,P4,missing_item,resolved,Missing item or component,Customer provided package photos; a replacement or refund was completed and accepted.,neutral
TKT000306,C169,PRD015,2026-06-17 10:03:00,2026-06-25 15:01:39,P4,billing,resolved,Package arrived damaged,Customer provided package photos; a replacement or refund was completed and accepted.,frustrated
TKT000307,C178,PRD012,2026-08-04 05:27:00,,P3,missing_item,escalated,Missing item or component,The reported safety or allergen concern was escalated for immediate product-compliance review.,neutral
TKT000308,C224,PRD004,2024-05-24 14:58:00,2024-06-02 15:25:58,P2,delivery,resolved,Ingredient or product information request,Support confirmed product-use guidance resolved the concern and the customer closed the case.,neutral
TKT000309,C044,PRD004,2026-11-21 10:49:00,2026-11-24 17:18:20,P1,delivery,resolved,Ingredient or product information request,Customer provided package photos; a replacement or refund was completed and accepted.,frustrated
TKT000310,C009,PRD016,2026-04-22 18:10:00,,P4,missing_item,waiting_customer,Package arrived damaged,The return is pending while the customer confirms pickup availability and item condition.,positive
TKT000311,C137,PRD005,2024-07-24 14:14:00,2024-08-03 02:45:43,P4,delivery,resolved,Missing item or component,The missing-item claim was verified against fulfillment records and the customer received the approved resolution.,neutral
TKT000312,C226,PRD012,2024-11-09 10:50:00,,P4,return_refund,escalated,Item quality below expectation,The reported safety or allergen concern was escalated for immediate product-compliance review.,neutral
TKT000313,C224,PRD012,2025-03-28 07:10:00,2025-04-07 00:29:12,P2,product_quality,resolved,Ingredient or product information request,The missing-item claim was verified against fulfillment records and the customer received the approved resolution.,neutral
TKT000314,C140,PRD011,2026-03-31 01:18:00,2026-04-03 05:48:21,P3,missing_item,resolved,Package arrived damaged,The missing-item claim was verified against fulfillment records and the customer received the approved resolution.,frustrated
TKT000315,C217,PRD015,2025-08-24 20:22:00,2025-08-30 21:32:12,P4,missing_item,resolved,Item quality below expectation,Customer provided package photos; a replacement or refund was completed and accepted.,urgent
TKT000316,C044,PRD013,2025-06-15 02:16:00,,P4,product_information,open,Package arrived damaged,Support documented the issue and is checking replacement inventory in the customer region.,urgent
TKT000317,C168,PRD005,2025-06-24 08:20:00,2025-06-25 00:56:32,P3,billing,resolved,Item quality below expectation,Customer provided package photos; a replacement or refund was completed and accepted.,neutral
TKT000318,C011,PRD006,2026-12-14 08:10:00,2026-12-14 20:48:19,P2,product_information,resolved,Missing item or component,Support confirmed product-use guidance resolved the concern and the customer closed the case.,neutral
TKT000319,C016,PRD014,2024-08-03 16:18:00,2024-08-09 06:10:22,P2,product_quality,resolved,Missing item or component,The missing-item claim was verified against fulfillment records and the customer received the approved resolution.,urgent
TKT000320,C102,PRD004,2025-04-14 12:40:00,2025-04-17 00:51:38,P4,missing_item,resolved,Missing item or component,Support confirmed product-use guidance resolved the concern and the customer closed the case.,neutral
TKT000321,C213,PRD002,2026-03-02 07:51:00,2026-03-11 08:57:43,P4,product_information,resolved,Item quality below expectation,The missing-item claim was verified against fulfillment records and the customer received the approved resolution.,positive
TKT000322,C169,PRD008,2025-03-24 14:26:00,2025-04-03 11:47:20,P4,product_quality,resolved,Refund status question,The missing-item claim was verified against fulfillment records and the customer received the approved resolution.,frustrated
TKT000323,C066,PRD004,2025-02-12 12:19:00,,P4,return_refund,escalated,Missing item or component,The reported safety or allergen concern was escalated for immediate product-compliance review.,positive
TKT000324,C049,PRD004,2026-01-28 16:31:00,2026-02-01 10:58:46,P2,missing_item,resolved,Ingredient or product information request,The missing-item claim was verified against fulfillment records and the customer received the approved resolution.,neutral
TKT000325,C208,PRD014,2024-05-10 18:57:00,,P3,product_information,open,Wrong item received,The case remains open while store and fulfillment records are compared.,neutral
TKT000326,C230,PRD011,2025-11-21 03:39:00,2025-11-28 19:19:42,P3,return_refund,resolved,Package arrived damaged,The missing-item claim was verified against fulfillment records and the customer received the approved resolution.,urgent
TKT000327,C013,PRD009,2024-12-02 16:06:00,,P4,billing,open,Ingredient or product information request,The case remains open while store and fulfillment records are compared.,positive
TKT000328,C048,PRD011,2024-04-26 20:22:00,2024-04-30 21:18:57,P4,billing,resolved,Missing item or component,The missing-item claim was verified against fulfillment records and the customer received the approved resolution.,positive
TKT000329,C036,PRD002,2025-09-06 05:14:00,2025-09-07 01:46:41,P4,delivery,resolved,Missing item or component,The missing-item claim was verified against fulfillment records and the customer received the approved resolution.,neutral
TKT000330,C129,PRD014,2025-02-17 12:19:00,2025-02-20 04:12:11,P3,product_information,resolved,Package arrived damaged,Customer provided package photos; a replacement or refund was completed and accepted.,neutral
TKT000331,C234,PRD010,2026-01-13 14:32:00,2026-01-16 03:07:33,P4,product_information,resolved,Item quality below expectation,The missing-item claim was verified against fulfillment records and the customer received the approved resolution.,urgent
TKT000332,C175,PRD008,2026-05-17 18:48:00,,P2,return_refund,waiting_customer,Package arrived damaged,Support requested package photos and the lot code before continuing the quality review.,neutral
TKT000333,C239,PRD005,2026-02-09 21:03:00,2026-02-19 01:48:57,P2,delivery,resolved,Item quality below expectation,Support confirmed product-use guidance resolved the concern and the customer closed the case.,urgent
TKT000334,C081,PRD003,2026-07-19 02:25:00,2026-07-26 04:54:46,P4,product_information,resolved,Refund status question,Support confirmed product-use guidance resolved the concern and the customer closed the case.,neutral
TKT000335,C181,PRD012,2024-07-08 10:05:00,,P4,missing_item,waiting_customer,Missing item or component,The return is pending while the customer confirms pickup availability and item condition.,neutral
TKT000336,C101,PRD005,2024-02-08 21:27:00,,P4,missing_item,waiting_customer,Missing item or component,Support requested package photos and the lot code before continuing the quality review.,frustrated
TKT000337,C026,PRD012,2024-12-09 13:34:00,2024-12-12 10:37:17,P3,return_refund,resolved,Ingredient or product information request,Customer provided package photos; a replacement or refund was completed and accepted.,neutral
TKT000338,C068,PRD001,2026-11-10 17:39:00,2026-11-11 18:32:00,P4,return_refund,resolved,Item quality below expectation,Support confirmed product-use guidance resolved the concern and the customer closed the case.,neutral
TKT000339,C081,PRD008,2026-10-09 15:44:00,2026-10-16 18:45:45,P3,billing,resolved,Item quality below expectation,Customer provided package photos; a replacement or refund was completed and accepted.,neutral
TKT000340,C021,PRD020,2024-08-02 02:49:00,,P2,product_quality,open,Wrong item received,The case remains open while store and fulfillment records are compared.,urgent
TKT000341,C113,PRD020,2026-07-13 19:08:00,2026-07-22 09:52:09,P4,missing_item,resolved,Refund status question,The missing-item claim was verified against fulfillment records and the customer received the approved resolution.,neutral
TKT000342,C175,PRD006,2024-03-21 04:07:00,,P2,delivery,waiting_customer,Refund status question,The return is pending while the customer confirms pickup availability and item condition.,neutral
TKT000343,C183,PRD014,2026-06-19 00:20:00,2026-06-22 22:19:11,P2,missing_item,resolved,Refund status question,Support confirmed product-use guidance resolved the concern and the customer closed the case.,frustrated
TKT000344,C125,PRD008,2025-10-10 14:51:00,2025-10-13 03:20:38,P2,product_information,resolved,Wrong item received,The missing-item claim was verified against fulfillment records and the customer received the approved resolution.,neutral
TKT000345,C100,PRD002,2024-11-10 04:57:00,2024-11-15 11:03:46,P3,product_information,resolved,Missing item or component,The missing-item claim was verified against fulfillment records and the customer received the approved resolution.,urgent
TKT000346,C112,PRD002,2026-07-08 04:10:00,2026-07-17 00:44:48,P2,delivery,resolved,Ingredient or product information request,Customer provided package photos; a replacement or refund was completed and accepted.,neutral
TKT000347,C176,PRD015,2026-10-23 00:52:00,2026-10-31 12:00:36,P3,delivery,resolved,Refund status question,Customer provided package photos; a replacement or refund was completed and accepted.,urgent
TKT000348,C002,PRD006,2025-09-09 15:24:00,,P3,product_quality,open,Refund status question,Support documented the issue and is checking replacement inventory in the customer region.,urgent
TKT000349,C074,PRD020,2026-01-06 10:02:00,2026-01-06 13:56:04,P2,missing_item,resolved,Missing item or component,The missing-item claim was verified against fulfillment records and the customer received the approved resolution.,frustrated
TKT000350,C024,PRD007,2024-06-25 03:09:00,2024-07-04 21:22:27,P3,product_information,resolved,Wrong item received,The missing-item claim was verified against fulfillment records and the customer received the approved resolution.,neutral
TKT000351,C062,PRD016,2026-10-20 05:32:00,2026-10-28 23:59:08,P2,missing_item,resolved,Missing item or component,Customer provided package photos; a replacement or refund was completed and accepted.,neutral
TKT000352,C115,PRD010,2026-06-07 06:10:00,2026-06-13 17:42:27,P2,missing_item,resolved,Ingredient or product information request,The missing-item claim was verified against fulfillment records and the customer received the approved resolution.,neutral
TKT000353,C125,PRD005,2025-06-22 11:03:00,2025-06-23 13:45:48,P4,billing,resolved,Wrong item received,The missing-item claim was verified against fulfillment records and the customer received the approved resolution.,frustrated
TKT000354,C238,PRD009,2024-12-03 04:16:00,2024-12-09 11:56:06,P4,product_quality,resolved,Refund status question,The missing-item claim was verified against fulfillment records and the customer received the approved resolution.,neutral
TKT000355,C086,PRD006,2026-09-28 23:47:00,,P3,missing_item,open,Item quality below expectation,The case remains open while store and fulfillment records are compared.,positive
TKT000356,C137,PRD002,2025-11-30 20:55:00,2025-12-10 09:51:40,P2,return_refund,resolved,Item quality below expectation,Customer provided package photos; a replacement or refund was completed and accepted.,neutral
TKT000357,C162,PRD004,2025-05-08 23:59:00,2025-05-10 00:56:09,P3,return_refund,resolved,Wrong item received,The missing-item claim was verified against fulfillment records and the customer received the approved resolution.,frustrated
TKT000358,C178,PRD003,2026-02-12 05:44:00,2026-02-13 05:45:16,P2,missing_item,resolved,Package arrived damaged,Customer provided package photos; a replacement or refund was completed and accepted.,neutral
TKT000359,C029,PRD001,2026-09-17 02:57:00,,P3,product_quality,escalated,Item quality below expectation,The reported safety or allergen concern was escalated for immediate product-compliance review.,frustrated
TKT000360,C106,PRD001,2026-11-28 01:21:00,2026-11-29 16:17:25,P4,product_quality,resolved,Missing item or component,The missing-item claim was verified against fulfillment records and the customer received the approved resolution.,frustrated
TKT000361,C136,PRD017,2026-03-12 08:43:00,,P4,missing_item,open,Item quality below expectation,The case remains open while store and fulfillment records are compared.,urgent
TKT000362,C093,PRD019,2026-06-07 11:24:00,2026-06-13 12:16:22,P3,delivery,resolved,Refund status question,Support confirmed product-use guidance resolved the concern and the customer closed the case.,frustrated
TKT000363,C179,PRD001,2026-08-09 16:54:00,2026-08-15 12:48:56,P4,return_refund,resolved,Item quality below expectation,Support confirmed product-use guidance resolved the concern and the customer closed the case.,neutral
TKT000364,C133,PRD012,2024-01-27 08:59:00,,P1,delivery,open,Ingredient or product information request,Support documented the issue and is checking replacement inventory in the customer region.,positive
TKT000365,C016,PRD001,2026-11-12 15:40:00,2026-11-15 06:26:22,P2,billing,resolved,Missing item or component,The missing-item claim was verified against fulfillment records and the customer received the approved resolution.,urgent
TKT000366,C215,PRD013,2026-06-19 05:15:00,2026-06-19 12:31:11,P4,return_refund,resolved,Refund status question,Support confirmed product-use guidance resolved the concern and the customer closed the case.,positive
TKT000367,C048,PRD020,2024-05-27 02:54:00,2024-05-31 23:36:11,P4,product_information,resolved,Package arrived damaged,The missing-item claim was verified against fulfillment records and the customer received the approved resolution.,neutral
TKT000368,C158,PRD011,2026-12-08 00:57:00,2026-12-08 06:54:24,P2,delivery,resolved,Missing item or component,The missing-item claim was verified against fulfillment records and the customer received the approved resolution.,neutral
TKT000369,C084,PRD003,2025-04-04 03:25:00,,P4,return_refund,waiting_customer,Package arrived damaged,Support requested package photos and the lot code before continuing the quality review.,neutral
TKT000370,C084,PRD005,2024-08-08 01:50:00,2024-08-09 00:51:35,P4,delivery,resolved,Refund status question,Customer provided package photos; a replacement or refund was completed and accepted.,neutral
TKT000371,C225,PRD013,2024-11-29 22:58:00,2024-12-01 07:33:39,P2,product_information,resolved,Refund status question,Support confirmed product-use guidance resolved the concern and the customer closed the case.,neutral
TKT000372,C005,PRD013,2025-05-26 20:15:00,,P4,delivery,escalated,Ingredient or product information request,Repeated complaints for the same lot prompted escalation to merchandising and supplier quality.,neutral
TKT000373,C107,PRD001,2024-09-06 05:40:00,2024-09-06 20:17:05,P2,delivery,resolved,Item quality below expectation,Customer provided package photos; a replacement or refund was completed and accepted.,urgent
TKT000374,C009,PRD020,2024-01-12 03:10:00,2024-01-19 06:53:30,P3,return_refund,resolved,Item quality below expectation,Support confirmed product-use guidance resolved the concern and the customer closed the case.,urgent
TKT000375,C159,PRD011,2026-05-27 15:49:00,,P4,billing,waiting_customer,Ingredient or product information request,Support requested package photos and the lot code before continuing the quality review.,frustrated
TKT000376,C154,PRD013,2025-05-01 14:13:00,2025-05-06 15:46:40,P2,billing,resolved,Item quality below expectation,Customer provided package photos; a replacement or refund was completed and accepted.,positive
TKT000377,C015,PRD013,2024-03-05 07:13:00,2024-03-05 09:46:53,P3,product_information,resolved,Refund status question,Customer provided package photos; a replacement or refund was completed and accepted.,neutral
TKT000378,C203,PRD008,2025-07-09 06:15:00,,P3,billing,escalated,Ingredient or product information request,The reported safety or allergen concern was escalated for immediate product-compliance review.,neutral
TKT000379,C045,PRD017,2024-08-05 09:29:00,2024-08-12 01:48:45,P2,billing,resolved,Missing item or component,Customer provided package photos; a replacement or refund was completed and accepted.,positive
TKT000380,C119,PRD016,2025-01-25 23:00:00,2025-01-30 02:38:29,P4,delivery,resolved,Wrong item received,The missing-item claim was verified against fulfillment records and the customer received the approved resolution.,frustrated
TKT000381,C164,PRD011,2026-02-23 19:02:00,2026-03-02 13:00:52,P2,product_information,resolved,Package arrived damaged,Customer provided package photos; a replacement or refund was completed and accepted.,neutral
TKT000382,C206,PRD008,2025-05-30 15:43:00,2025-06-05 06:16:07,P4,product_quality,resolved,Wrong item received,Customer provided package photos; a replacement or refund was completed and accepted.,positive
TKT000383,C046,PRD013,2026-03-11 13:08:00,,P4,billing,escalated,Wrong item received,Repeated complaints for the same lot prompted escalation to merchandising and supplier quality.,urgent
TKT000384,C136,PRD004,2024-10-17 08:03:00,2024-10-22 11:49:09,P3,product_quality,resolved,Missing item or component,Support confirmed product-use guidance resolved the concern and the customer closed the case.,neutral
TKT000385,C203,PRD010,2024-07-31 23:37:00,2024-08-09 17:35:51,P4,return_refund,resolved,Wrong item received,The missing-item claim was verified against fulfillment records and the customer received the approved resolution.,neutral
TKT000386,C046,PRD009,2024-04-30 02:13:00,,P4,missing_item,open,Ingredient or product information request,The case remains open while store and fulfillment records are compared.,neutral
TKT000387,C224,PRD002,2025-12-31 01:08:00,2026-01-04 04:04:56,P3,missing_item,resolved,Missing item or component,Support confirmed product-use guidance resolved the concern and the customer closed the case.,neutral
TKT000388,C211,PRD002,2026-03-04 18:34:00,2026-03-04 23:25:04,P1,product_quality,resolved,Missing item or component,Support confirmed product-use guidance resolved the concern and the customer closed the case.,urgent
TKT000389,C052,PRD003,2026-12-08 07:35:00,,P3,billing,open,Missing item or component,The case remains open while store and fulfillment records are compared.,urgent
TKT000390,C230,PRD004,2024-04-06 07:07:00,2024-04-16 05:57:39,P4,product_quality,resolved,Missing item or component,The missing-item claim was verified against fulfillment records and the customer received the approved resolution.,neutral
TKT000391,C092,PRD010,2025-12-01 01:15:00,2025-12-07 19:51:30,P3,return_refund,resolved,Package arrived damaged,Customer provided package photos; a replacement or refund was completed and accepted.,positive
TKT000392,C109,PRD018,2026-11-13 12:30:00,,P1,product_information,waiting_customer,Wrong item received,The return is pending while the customer confirms pickup availability and item condition.,urgent
TKT000393,C214,PRD011,2025-04-20 18:29:00,,P4,product_information,open,Missing item or component,The case remains open while store and fulfillment records are compared.,urgent
TKT000394,C027,PRD009,2024-11-17 17:14:00,2024-11-22 01:08:53,P2,product_information,resolved,Missing item or component,The missing-item claim was verified against fulfillment records and the customer received the approved resolution.,neutral
TKT000395,C041,PRD004,2024-11-04 03:03:00,2024-11-13 14:25:00,P1,billing,resolved,Wrong item received,Support confirmed product-use guidance resolved the concern and the customer closed the case.,urgent
TKT000396,C057,PRD016,2026-07-08 20:32:00,,P4,return_refund,waiting_customer,Wrong item received,Support requested package photos and the lot code before continuing the quality review.,neutral
TKT000397,C003,PRD006,2026-05-09 02:31:00,,P3,return_refund,escalated,Missing item or component,The reported safety or allergen concern was escalated for immediate product-compliance review.,neutral
TKT000398,C098,PRD020,2026-09-26 17:22:00,,P4,product_information,waiting_customer,Item quality below expectation,The return is pending while the customer confirms pickup availability and item condition.,frustrated
TKT000399,C240,PRD009,2026-10-27 00:52:00,,P2,return_refund,waiting_customer,Refund status question,Support requested package photos and the lot code before continuing the quality review.,neutral
TKT000400,C168,PRD017,2026-01-14 22:56:00,2026-01-16 05:57:21,P3,billing,resolved,Refund status question,Support confirmed product-use guidance resolved the concern and the customer closed the case.,neutral
TKT000401,C207,PRD016,2026-02-11 20:46:00,2026-02-13 07:16:22,P4,return_refund,resolved,Refund status question,The missing-item claim was verified against fulfillment records and the customer received the approved resolution.,neutral
TKT000402,C062,PRD016,2024-12-31 04:07:00,2025-01-04 20:25:16,P2,product_quality,resolved,Package arrived damaged,Support confirmed product-use guidance resolved the concern and the customer closed the case.,neutral
TKT000403,C106,PRD005,2025-02-21 03:04:00,,P3,delivery,escalated,Wrong item received,Repeated complaints for the same lot prompted escalation to merchandising and supplier quality.,neutral
TKT000404,C082,PRD006,2026-07-16 21:41:00,,P4,return_refund,open,Missing item or component,Support documented the issue and is checking replacement inventory in the customer region.,neutral
TKT000405,C187,PRD013,2025-01-07 04:25:00,2025-01-14 13:25:39,P2,product_quality,resolved,Wrong item received,Customer provided package photos; a replacement or refund was completed and accepted.,neutral
TKT000406,C234,PRD008,2026-01-13 21:44:00,2026-01-22 14:09:31,P4,billing,resolved,Refund status question,Support confirmed product-use guidance resolved the concern and the customer closed the case.,frustrated
TKT000407,C070,PRD002,2024-01-05 13:44:00,2024-01-13 22:59:58,P3,missing_item,resolved,Package arrived damaged,Support confirmed product-use guidance resolved the concern and the customer closed the case.,neutral
TKT000408,C212,PRD004,2025-02-08 23:22:00,2025-02-17 03:02:31,P4,product_information,resolved,Package arrived damaged,Support confirmed product-use guidance resolved the concern and the customer closed the case.,neutral
TKT000409,C097,PRD008,2024-02-15 13:37:00,,P4,product_information,escalated,Ingredient or product information request,The reported safety or allergen concern was escalated for immediate product-compliance review.,neutral
TKT000410,C153,PRD004,2025-01-03 23:13:00,,P4,product_quality,open,Item quality below expectation,The case remains open while store and fulfillment records are compared.,urgent
TKT000411,C213,PRD005,2024-11-17 06:57:00,2024-11-20 03:02:40,P4,product_quality,resolved,Item quality below expectation,The missing-item claim was verified against fulfillment records and the customer received the approved resolution.,neutral
TKT000412,C123,PRD010,2024-01-08 15:26:00,,P2,product_quality,waiting_customer,Package arrived damaged,Support requested package photos and the lot code before continuing the quality review.,neutral
TKT000413,C232,PRD004,2025-07-26 08:00:00,2025-08-04 15:37:44,P3,billing,resolved,Package arrived damaged,Customer provided package photos; a replacement or refund was completed and accepted.,neutral
TKT000414,C163,PRD001,2026-04-19 15:11:00,2026-04-20 23:38:18,P3,billing,resolved,Missing item or component,Customer provided package photos; a replacement or refund was completed and accepted.,positive
TKT000415,C233,PRD003,2024-05-11 13:39:00,,P3,return_refund,open,Ingredient or product information request,Support documented the issue and is checking replacement inventory in the customer region.,neutral
TKT000416,C046,PRD020,2026-07-10 04:40:00,2026-07-20 04:05:20,P4,billing,resolved,Missing item or component,Customer provided package photos; a replacement or refund was completed and accepted.,frustrated
TKT000417,C222,PRD014,2025-10-22 20:04:00,2025-10-28 10:39:51,P4,return_refund,resolved,Package arrived damaged,Support confirmed product-use guidance resolved the concern and the customer closed the case.,frustrated
TKT000418,C129,PRD006,2026-10-17 06:50:00,2026-10-26 12:25:47,P3,product_quality,resolved,Refund status question,Customer provided package photos; a replacement or refund was completed and accepted.,urgent
TKT000419,C080,PRD020,2024-11-30 05:42:00,2024-11-30 09:00:19,P2,delivery,resolved,Package arrived damaged,Support confirmed product-use guidance resolved the concern and the customer closed the case.,frustrated
TKT000420,C037,PRD020,2025-06-25 03:21:00,2025-06-29 08:03:40,P4,missing_item,resolved,Ingredient or product information request,Customer provided package photos; a replacement or refund was completed and accepted.,neutral
TKT000421,C021,PRD009,2025-12-13 04:24:00,,P3,product_quality,escalated,Wrong item received,Repeated complaints for the same lot prompted escalation to merchandising and supplier quality.,neutral
TKT000422,C147,PRD011,2026-04-11 22:12:00,,P2,product_quality,escalated,Package arrived damaged,Repeated complaints for the same lot prompted escalation to merchandising and supplier quality.,positive
TKT000423,C233,PRD001,2024-10-21 05:39:00,2024-10-28 02:37:37,P3,return_refund,resolved,Package arrived damaged,Support confirmed product-use guidance resolved the concern and the customer closed the case.,positive
TKT000424,C019,PRD008,2025-11-03 04:00:00,,P3,billing,escalated,Refund status question,The reported safety or allergen concern was escalated for immediate product-compliance review.,positive
TKT000425,C078,PRD006,2025-08-31 00:48:00,2025-09-04 03:58:30,P3,delivery,resolved,Ingredient or product information request,Support confirmed product-use guidance resolved the concern and the customer closed the case.,neutral
TKT000426,C102,PRD007,2026-01-16 23:59:00,,P2,billing,open,Missing item or component,Support documented the issue and is checking replacement inventory in the customer region.,neutral
TKT000427,C106,PRD010,2025-12-04 03:20:00,2025-12-07 03:08:07,P2,billing,resolved,Wrong item received,Support confirmed product-use guidance resolved the concern and the customer closed the case.,neutral
TKT000428,C198,PRD015,2024-04-22 15:40:00,2024-05-01 05:55:52,P3,billing,resolved,Wrong item received,Customer provided package photos; a replacement or refund was completed and accepted.,positive
TKT000429,C204,PRD002,2026-03-16 15:43:00,2026-03-19 22:30:40,P4,billing,resolved,Item quality below expectation,Customer provided package photos; a replacement or refund was completed and accepted.,neutral
TKT000430,C152,PRD011,2026-06-22 22:14:00,2026-06-23 15:08:03,P2,product_information,resolved,Ingredient or product information request,Support confirmed product-use guidance resolved the concern and the customer closed the case.,frustrated
TKT000431,C050,PRD019,2024-02-02 21:45:00,2024-02-09 05:42:21,P4,product_quality,resolved,Item quality below expectation,The missing-item claim was verified against fulfillment records and the customer received the approved resolution.,urgent
TKT000432,C020,PRD016,2024-05-19 23:52:00,2024-05-20 16:08:54,P4,billing,resolved,Wrong item received,The missing-item claim was verified against fulfillment records and the customer received the approved resolution.,neutral
TKT000433,C167,PRD012,2025-05-21 22:16:00,,P4,product_information,escalated,Refund status question,Repeated complaints for the same lot prompted escalation to merchandising and supplier quality.,neutral
TKT000434,C103,PRD020,2025-08-10 01:33:00,2025-08-10 07:17:42,P2,product_information,resolved,Item quality below expectation,The missing-item claim was verified against fulfillment records and the customer received the approved resolution.,neutral
TKT000435,C205,PRD001,2025-10-10 15:39:00,,P4,delivery,escalated,Wrong item received,Repeated complaints for the same lot prompted escalation to merchandising and supplier quality.,neutral
TKT000436,C136,PRD005,2025-11-01 06:14:00,,P3,return_refund,escalated,Missing item or component,Repeated complaints for the same lot prompted escalation to merchandising and supplier quality.,frustrated
TKT000437,C076,PRD003,2026-06-17 07:32:00,2026-06-22 06:34:38,P3,delivery,resolved,Item quality below expectation,The missing-item claim was verified against fulfillment records and the customer received the approved resolution.,urgent
TKT000438,C071,PRD003,2025-03-19 23:31:00,2025-03-25 02:52:56,P2,product_quality,resolved,Refund status question,Customer provided package photos; a replacement or refund was completed and accepted.,neutral
TKT000439,C038,PRD014,2024-03-08 13:07:00,2024-03-09 16:15:42,P4,product_information,resolved,Ingredient or product information request,Customer provided package photos; a replacement or refund was completed and accepted.,positive
TKT000440,C072,PRD006,2026-11-17 03:23:00,2026-11-17 18:36:21,P3,product_information,resolved,Missing item or component,Customer provided package photos; a replacement or refund was completed and accepted.,neutral
TKT000441,C018,PRD008,2024-08-20 20:34:00,2024-08-23 17:22:56,P4,product_quality,resolved,Ingredient or product information request,The missing-item claim was verified against fulfillment records and the customer received the approved resolution.,neutral
TKT000442,C058,PRD010,2025-06-14 02:24:00,2025-06-19 15:55:53,P3,product_information,resolved,Ingredient or product information request,Customer provided package photos; a replacement or refund was completed and accepted.,neutral
TKT000443,C138,PRD015,2026-09-01 07:34:00,2026-09-02 02:01:28,P2,return_refund,resolved,Missing item or component,The missing-item claim was verified against fulfillment records and the customer received the approved resolution.,positive
TKT000444,C087,PRD019,2025-05-08 23:39:00,2025-05-14 21:57:54,P2,billing,resolved,Refund status question,The missing-item claim was verified against fulfillment records and the customer received the approved resolution.,neutral
TKT000445,C180,PRD020,2024-09-09 01:17:00,2024-09-16 03:42:37,P3,product_information,resolved,Wrong item received,The missing-item claim was verified against fulfillment records and the customer received the approved resolution.,neutral
TKT000446,C112,PRD009,2026-06-02 11:04:00,2026-06-09 18:31:05,P2,delivery,resolved,Item quality below expectation,Customer provided package photos; a replacement or refund was completed and accepted.,neutral
TKT000447,C110,PRD018,2026-12-30 00:29:00,2027-01-04 10:09:02,P3,delivery,resolved,Item quality below expectation,Support confirmed product-use guidance resolved the concern and the customer closed the case.,neutral
TKT000448,C094,PRD003,2026-02-12 09:20:00,2026-02-17 22:57:19,P2,product_quality,resolved,Wrong item received,The missing-item claim was verified against fulfillment records and the customer received the approved resolution.,neutral
TKT000449,C116,PRD004,2026-09-02 05:01:00,2026-09-11 05:56:37,P4,billing,resolved,Missing item or component,Support confirmed product-use guidance resolved the concern and the customer closed the case.,neutral
TKT000450,C229,PRD005,2026-07-16 08:31:00,2026-07-16 16:06:32,P4,product_information,resolved,Ingredient or product information request,Support confirmed product-use guidance resolved the concern and the customer closed the case.,neutral
TKT000451,C072,PRD007,2024-07-28 08:59:00,2024-08-06 14:49:42,P2,product_information,resolved,Refund status question,Customer provided package photos; a replacement or refund was completed and accepted.,frustrated
TKT000452,C037,PRD006,2024-06-19 21:23:00,2024-06-24 19:56:01,P4,missing_item,resolved,Ingredient or product information request,The missing-item claim was verified against fulfillment records and the customer received the approved resolution.,neutral
TKT000453,C031,PRD012,2025-09-28 04:49:00,2025-10-07 04:00:02,P3,missing_item,resolved,Refund status question,Support confirmed product-use guidance resolved the concern and the customer closed the case.,frustrated
TKT000454,C054,PRD014,2026-08-03 20:47:00,2026-08-12 21:01:55,P4,missing_item,resolved,Refund status question,The missing-item claim was verified against fulfillment records and the customer received the approved resolution.,neutral
TKT000455,C019,PRD020,2025-01-05 19:50:00,2025-01-15 11:31:34,P3,delivery,resolved,Package arrived damaged,The missing-item claim was verified against fulfillment records and the customer received the approved resolution.,urgent
TKT000456,C098,PRD013,2024-05-21 00:33:00,,P3,product_quality,open,Missing item or component,Support documented the issue and is checking replacement inventory in the customer region.,neutral
TKT000457,C140,PRD004,2024-02-06 06:11:00,2024-02-13 16:09:15,P3,return_refund,resolved,Refund status question,Customer provided package photos; a replacement or refund was completed and accepted.,neutral
TKT000458,C091,PRD015,2025-04-12 06:48:00,2025-04-17 10:16:49,P1,missing_item,resolved,Ingredient or product information request,Support confirmed product-use guidance resolved the concern and the customer closed the case.,neutral
TKT000459,C007,PRD015,2025-09-30 03:52:00,2025-09-30 15:16:05,P4,delivery,resolved,Ingredient or product information request,The missing-item claim was verified against fulfillment records and the customer received the approved resolution.,positive
TKT000460,C110,PRD020,2024-11-29 21:35:00,2024-12-06 06:54:10,P4,product_information,resolved,Item quality below expectation,Support confirmed product-use guidance resolved the concern and the customer closed the case.,neutral
TKT000461,C155,PRD007,2025-07-06 11:21:00,2025-07-13 11:35:40,P3,billing,resolved,Missing item or component,Customer provided package photos; a replacement or refund was completed and accepted.,frustrated
TKT000462,C127,PRD016,2024-10-06 18:54:00,2024-10-14 03:26:36,P4,missing_item,resolved,Ingredient or product information request,Customer provided package photos; a replacement or refund was completed and accepted.,positive
TKT000463,C207,PRD015,2024-08-03 13:50:00,,P3,return_refund,waiting_customer,Missing item or component,Support requested package photos and the lot code before continuing the quality review.,neutral
TKT000464,C225,PRD008,2025-04-16 21:14:00,2025-04-18 01:54:54,P2,return_refund,resolved,Refund status question,Support confirmed product-use guidance resolved the concern and the customer closed the case.,neutral
TKT000465,C012,PRD005,2025-03-25 06:36:00,2025-03-27 19:22:10,P2,delivery,resolved,Item quality below expectation,Support confirmed product-use guidance resolved the concern and the customer closed the case.,positive
TKT000466,C068,PRD010,2024-09-06 00:46:00,2024-09-10 05:32:21,P4,billing,resolved,Missing item or component,The missing-item claim was verified against fulfillment records and the customer received the approved resolution.,neutral
TKT000467,C054,PRD003,2024-07-14 04:31:00,2024-07-17 01:59:32,P4,billing,resolved,Refund status question,Support confirmed product-use guidance resolved the concern and the customer closed the case.,neutral
TKT000468,C091,PRD008,2025-04-12 05:32:00,2025-04-19 12:46:43,P4,billing,resolved,Item quality below expectation,The missing-item claim was verified against fulfillment records and the customer received the approved resolution.,positive
TKT000469,C171,PRD012,2024-12-09 07:16:00,2024-12-18 02:17:01,P4,billing,resolved,Package arrived damaged,Customer provided package photos; a replacement or refund was completed and accepted.,neutral
TKT000470,C046,PRD012,2026-07-03 12:27:00,2026-07-09 05:46:51,P4,missing_item,resolved,Package arrived damaged,Customer provided package photos; a replacement or refund was completed and accepted.,neutral
TKT000471,C160,PRD017,2024-05-20 09:48:00,2024-05-21 18:58:19,P4,delivery,resolved,Missing item or component,Support confirmed product-use guidance resolved the concern and the customer closed the case.,frustrated
TKT000472,C107,PRD013,2025-09-27 14:57:00,2025-09-30 08:44:25,P4,return_refund,resolved,Package arrived damaged,Support confirmed product-use guidance resolved the concern and the customer closed the case.,neutral
TKT000473,C229,PRD018,2026-10-14 06:56:00,2026-10-20 05:55:44,P2,product_information,resolved,Ingredient or product information request,Support confirmed product-use guidance resolved the concern and the customer closed the case.,neutral
TKT000474,C082,PRD002,2025-06-23 13:43:00,,P4,product_quality,open,Item quality below expectation,Support documented the issue and is checking replacement inventory in the customer region.,positive
TKT000475,C139,PRD018,2025-02-25 08:33:00,2025-03-04 19:49:22,P2,delivery,resolved,Wrong item received,Customer provided package photos; a replacement or refund was completed and accepted.,neutral
TKT000476,C239,PRD020,2024-01-27 01:42:00,2024-01-27 15:19:59,P1,missing_item,resolved,Wrong item received,The missing-item claim was verified against fulfillment records and the customer received the approved resolution.,neutral
TKT000477,C124,PRD019,2026-05-09 19:46:00,2026-05-14 08:14:48,P3,billing,resolved,Missing item or component,The missing-item claim was verified against fulfillment records and the customer received the approved resolution.,neutral
TKT000478,C174,PRD017,2025-03-07 07:57:00,2025-03-15 19:15:29,P3,delivery,resolved,Ingredient or product information request,The missing-item claim was verified against fulfillment records and the customer received the approved resolution.,urgent
TKT000479,C056,PRD001,2026-11-06 15:33:00,2026-11-12 04:49:13,P3,billing,resolved,Missing item or component,Support confirmed product-use guidance resolved the concern and the customer closed the case.,frustrated
TKT000480,C090,PRD018,2024-10-12 17:53:00,2024-10-13 06:15:41,P3,product_quality,resolved,Package arrived damaged,The missing-item claim was verified against fulfillment records and the customer received the approved resolution.,frustrated
TKT000481,C009,PRD006,2025-02-07 21:39:00,2025-02-17 15:08:44,P4,product_quality,resolved,Missing item or component,Customer provided package photos; a replacement or refund was completed and accepted.,frustrated
TKT000482,C127,PRD014,2024-11-12 04:08:00,2024-11-15 13:26:15,P2,product_quality,resolved,Ingredient or product information request,Customer provided package photos; a replacement or refund was completed and accepted.,positive
TKT000483,C162,PRD005,2024-08-26 00:53:00,2024-08-27 05:53:01,P2,return_refund,resolved,Package arrived damaged,The missing-item claim was verified against fulfillment records and the customer received the approved resolution.,neutral
TKT000484,C012,PRD007,2026-05-08 04:07:00,2026-05-08 10:19:31,P4,product_information,resolved,Refund status question,Support confirmed product-use guidance resolved the concern and the customer closed the case.,neutral
TKT000485,C033,PRD008,2025-12-03 05:31:00,2025-12-04 01:44:45,P4,product_information,resolved,Refund status question,Customer provided package photos; a replacement or refund was completed and accepted.,frustrated
TKT000486,C028,PRD001,2026-12-11 19:09:00,2026-12-14 19:14:29,P4,missing_item,resolved,Wrong item received,The missing-item claim was verified against fulfillment records and the customer received the approved resolution.,positive
TKT000487,C197,PRD019,2025-01-09 03:50:00,,P3,product_quality,waiting_customer,Missing item or component,The return is pending while the customer confirms pickup availability and item condition.,neutral
TKT000488,C204,PRD020,2025-08-04 18:09:00,2025-08-10 06:08:14,P3,delivery,resolved,Package arrived damaged,Support confirmed product-use guidance resolved the concern and the customer closed the case.,positive
TKT000489,C154,PRD008,2024-02-10 16:05:00,2024-02-12 08:36:44,P3,billing,resolved,Missing item or component,Support confirmed product-use guidance resolved the concern and the customer closed the case.,frustrated
TKT000490,C105,PRD013,2026-03-05 14:39:00,,P4,billing,open,Item quality below expectation,The case remains open while store and fulfillment records are compared.,neutral
TKT000491,C212,PRD018,2025-06-04 17:41:00,2025-06-11 08:15:15,P3,missing_item,resolved,Missing item or component,The missing-item claim was verified against fulfillment records and the customer received the approved resolution.,neutral
TKT000492,C025,PRD007,2025-03-08 02:08:00,2025-03-17 03:02:17,P4,return_refund,resolved,Refund status question,Customer provided package photos; a replacement or refund was completed and accepted.,positive
TKT000493,C118,PRD018,2025-06-17 20:31:00,2025-06-26 15:41:13,P3,product_quality,resolved,Item quality below expectation,Support confirmed product-use guidance resolved the concern and the customer closed the case.,neutral
TKT000494,C112,PRD013,2024-01-14 13:18:00,2024-01-23 14:57:09,P3,billing,resolved,Item quality below expectation,Customer provided package photos; a replacement or refund was completed and accepted.,neutral
TKT000495,C002,PRD003,2024-04-02 09:53:00,2024-04-02 23:30:48,P4,return_refund,resolved,Missing item or component,Support confirmed product-use guidance resolved the concern and the customer closed the case.,neutral
TKT000496,C046,PRD001,2025-09-25 04:57:00,2025-09-26 13:13:43,P3,product_information,resolved,Item quality below expectation,Support confirmed product-use guidance resolved the concern and the customer closed the case.,frustrated
TKT000497,C201,PRD017,2026-12-21 07:52:00,,P3,product_information,open,Wrong item received,Support documented the issue and is checking replacement inventory in the customer region.,frustrated
TKT000498,C073,PRD005,2024-06-06 11:53:00,,P3,product_information,escalated,Wrong item received,The reported safety or allergen concern was escalated for immediate product-compliance review.,positive
TKT000499,C014,PRD011,2024-10-01 03:14:00,2024-10-05 11:45:34,P4,product_quality,resolved,Ingredient or product information request,The missing-item claim was verified against fulfillment records and the customer received the approved resolution.,urgent
TKT000500,C240,PRD014,2024-01-01 08:44:00,2024-01-09 07:43:41,P4,missing_item,resolved,Missing item or component,The missing-item claim was verified against fulfillment records and the customer received the approved resolution.,positive
